-- phpMyAdmin SQL Dump
-- version 5.2.1
-- https://www.phpmyadmin.net/
--
-- Servidor: 127.0.0.1
-- Tiempo de generación: 16-11-2023 a las 00:36:34
-- Versión del servidor: 10.4.28-MariaDB
-- Versión de PHP: 8.0.28

SET SQL_MODE = "NO_AUTO_VALUE_ON_ZERO";
START TRANSACTION;
SET time_zone = "+00:00";


/*!40101 SET @OLD_CHARACTER_SET_CLIENT=@@CHARACTER_SET_CLIENT */;
/*!40101 SET @OLD_CHARACTER_SET_RESULTS=@@CHARACTER_SET_RESULTS */;
/*!40101 SET @OLD_COLLATION_CONNECTION=@@COLLATION_CONNECTION */;
/*!40101 SET NAMES utf8mb4 */;

--
-- Base de datos: `negocios`
--

-- --------------------------------------------------------

--
-- Estructura de tabla para la tabla `cargo`
--

CREATE TABLE `cargo` (
  `IDE_CAR` int(11) NOT NULL,
  `DES_CAR` varchar(30) NOT NULL
) ENGINE=InnoDB DEFAULT CHARSET=utf8mb4 COLLATE=utf8mb4_general_ci;

--
-- Volcado de datos para la tabla `cargo`
--

INSERT INTO `cargo` (`IDE_CAR`, `DES_CAR`) VALUES
(1, 'REPRESENTANTE DE VENTA'),
(2, 'EJECUTIVO DE VENTA'),
(3, 'SUPERVISOR DE VENTA'),
(4, 'AUXILIAR DE VENTA');

-- --------------------------------------------------------

--
-- Estructura de tabla para la tabla `categoria`
--

CREATE TABLE `categoria` (
  `IDE_CAT` int(11) NOT NULL,
  `NOM_CAT` varchar(15) NOT NULL,
  `DES_CAT` varchar(100) DEFAULT NULL
) ENGINE=InnoDB DEFAULT CHARSET=utf8mb4 COLLATE=utf8mb4_general_ci;

--
-- Volcado de datos para la tabla `categoria`
--

INSERT INTO `categoria` (`IDE_CAT`, `NOM_CAT`, `DES_CAT`) VALUES
(1, 'BEBIDAS', 'GASEOSAS, CAFE, TE, CERVEZAS Y MALTAS'),
(2, 'CONDIMENTOS', 'SALSAS DULCES Y PICANTES, DELICIAS, COMIDA PARA UNTAR Y ADEREZOS'),
(3, 'REPOSTERIA', 'POSTRES, DULCES Y PAN DULCE'),
(4, 'LACTEOS', 'QUESOS'),
(5, 'GRANOS/CEREALES', 'PAN, GALLETAS, PASTA Y CEREALES'),
(6, 'CARNES', 'CARNES PREPARADAS'),
(7, 'FRUTAS/VERDURAS', 'FRUTAS SECAS Y QUESO DE SOJA'),
(8, 'PESCADO/MARISCO', 'PESCADOS, MARISCOS Y ALGAS');

-- --------------------------------------------------------

--
-- Estructura de tabla para la tabla `cliente`
--

CREATE TABLE `cliente` (
  `IDE_CLI` int(11) NOT NULL,
  `NOM_CLI` varchar(40) NOT NULL,
  `DIR_CLI` varchar(60) NOT NULL,
  `IDE_PAI` int(11) NOT NULL,
  `FON_CLI` varchar(25) NOT NULL
) ENGINE=InnoDB DEFAULT CHARSET=utf8mb4 COLLATE=utf8mb4_general_ci;

--
-- Volcado de datos para la tabla `cliente`
--

INSERT INTO `cliente` (`IDE_CLI`, `NOM_CLI`, `DIR_CLI`, `IDE_PAI`, `FON_CLI`) VALUES
(1, 'ALFREDS FUTTERKISTE', 'OBERE STR. 57', 2, '030-0074321'),
(2, 'ANA TRUJILLO EMPAREDADOS Y HELADOS', 'AVDA. DE LA CONSTITUCION 2222', 5, '(5); 555-4729'),
(3, 'ANTONIO MORENO TAQUERIA', 'MATADEROS  2312', 7, '(5); 555-3932'),
(4, 'AROUND THE HORN', '120 HANOVER SQ.', 4, '(71); 555-7788'),
(5, 'BERGLUNDS SNABBKOP', 'BERGUVSVÄGEN  8', 6, '0921-12 34 65'),
(6, 'BLAUER SEE DELIKATESSEN', 'FORSTERSTR. 57', 1, '0621-08460'),
(7, 'BLONDEL PERE ET FILS', '24, PLACE KLEBER ESTRASBURGO', 8, '88.60.15.31'),
(8, 'COMIDAS PREPARADAS', 'C/ ARAQUIL, 67', 9, '(91); 555 91 99'),
(9, 'BON APP', '12, RUE DES BOUCHERS', 1, '91.24.45.41'),
(10, 'BOTTOM-DOLLAR MARKETS', '23 TSAWASSEN BLVD.', 3, '(604); 555-3745'),
(11, 'BS BEVERAGES', 'FAUNTLEROY CIRCUS', 9, '(71); 555-1212'),
(12, 'COMIDAS PARA LLEVAR', 'CERRITO 333', 2, '(1); 135-4892'),
(13, 'CENTRO COMERCIAL MOCTEZUMA', 'SIERRAS DE GRANADA 9993', 8, '(5); 555-7293'),
(14, 'CHOP-SUEY CHINESE', 'HAUPTSTR. 29', 1, ''),
(15, 'COMERCIO MINEIRO', 'AV. DOS LUSIADAS, 23', 4, ''),
(16, 'CONSOLIDATED HOLDINGS', 'BERKELEY GARDENSRN12  BREWERY', 5, '(71); 555-2282'),
(17, 'DRACHENBLUT DELIKATESSEN', 'WALSERWEG 21', 6, '0241-059428'),
(18, 'DU MONDE ENTIER', '67, RUE DES CINQUANTE OTAGES', 7, '40.67.89.89'),
(19, 'EASTERN CONNECTION', '35 KING GEORGE', 5, '(71); 555-3373'),
(20, 'ERNST HANDEL', 'KIRCHGASSE 6', 1, '7675-3426'),
(21, 'FAMILIA ARQUIBALDO', 'RUA OROS, 92', 4, '(11); 555-9857'),
(22, 'FABRICA INTER. SALCHICHAS S.A.', 'C/ MORALZARZAL, 86', 3, '(91); 555 55 93'),
(23, 'FOLIES GOURMANDES', '184, CHAUSSEE DE TOURNAI', 9, '20.16.10.17'),
(24, 'FOLK OCH FA HB', 'ÅKERGATAN 24', 3, ''),
(25, 'ENVERSAND', 'BERLINER PLATZ 43', 1, '089-0877451'),
(26, 'FRANCE RESTAURATION', '54, RUE ROYALE', 8, '40.32.21.20'),
(27, 'S.P.A.', 'VIA MONTE BIANCO 34', 1, '011-4988261'),
(28, 'FURIA BACALHAU E FRUTOS DO MAR', 'JARDIM DAS ROSAS N. 32', 8, '(1); 354-2535'),
(29, 'GALERIA DEL GASTRONOMO', 'RAMBLA DE CATALUÑA, 23', 4, '(93); 203 4561'),
(30, 'COCINA TIPICA', 'C/ ROMERO, 33', 7, ''),
(31, 'GOURMET LANCHONETES', 'AV. BRASIL, 442', 8, '(11); 555-9482'),
(32, 'GREAT LAKES FOOD MARKET', '2732 BAKER BLVD.', 1, '(503); 555-7555'),
(33, 'GROSELLA-RESTAURANTE', '5ª AVE. LOS PALOS GRANDES', 2, '(2); 283-3397'),
(34, 'CARNES', 'RUA DO PAÇO, 67', 1, '(21); 555-8765'),
(35, 'HILARION-ABASTOS', 'CARRERA 22 CON AVE. CARLOS SOUBLETTE #8-35', 8, '(5); 555-1948'),
(36, 'HUNGRY COYOTE IMPORT STORE', 'CITY CENTER PLAZARN516 MAIN ST.', 9, '(503); 555-2376'),
(37, 'HUNGRY OWL ALL-NIGHT GROCERS', '8 JOHNSTOWN ROAD', 5, '2967 3333'),
(38, 'ISLAND TRADING', 'GARDEN HOUSERNCROWTHER WAY', 3, ''),
(39, 'KONIGLICH ESSEN', 'MAUBELSTR. 90', 7, '0555-09876'),
(40, 'LA CORNE DEABONDANCE', '67, AVENUE DE EUROPE', 9, '30.59.84.10'),
(41, 'LA MAISON DE ASIE', '1 RUE ALSACE-LORRAINE', 2, '61.77.61.11'),
(42, 'LAUGHING BACCHUS WINE CELLARS', '1900 OAK ST.', 7, '(604); 555-7293'),
(43, 'LAZY AKOUNTRY STORE', '12 ORCHESTRA TERRACE', 5, '(509); 555-6221'),
(44, 'LEHMANNS MARKTSTAND', 'MAGAZINWEG 7', 4, '069-0245874'),
(45, 'LETS STOP ASHOP', '87 POLK ST.RNSUITE 5', 1, ''),
(46, 'LILA-SUPERMERCADO', 'CARRERA 52 CON AVE. BOLIVAR #65-98 LLANO LARGO', 8, '(9); 331-7256'),
(47, 'LINO-DELICATESES', 'AVE. 5 DE MAYO PORLAMAR', 2, '(8); 34-93-93'),
(48, 'LONESOME PINE RESTAURANT', '89 CHIAROSCURO RD.', 1, '(503); 555-9646'),
(49, 'MAGAZZINI ALIMENTARI RIUNITI', 'VIA LUDOVICO IL MORO 22', 7, '035-640231'),
(50, 'MAISON DEWEY', 'RUE JOSEPH-BENS 532', 3, '(02); 201 24 68'),
(51, 'MERE PAILLARDE', '43 RUE ST. LAURENT', 6, '(514); 555-8055'),
(52, 'MORGENSTERN GESUNDKOST', 'HEERSTR. 22', 9, ''),
(53, 'NORTH/SOUTH', 'SOUTH HOUSERN300 62SBRIDGE', 5, '(71); 555-2530'),
(54, 'ATLANTICO LTDA.', 'ING. GUSTAVO MONCADA 8585RNPISO 20-A', 1, '(1); 135-5535'),
(55, 'OLD WORLD DELICATESSEN', '2743 BERING ST.', 4, '(907); 555-2880'),
(56, 'OTTILIES KASELADEN', 'MEHRHEIMERSTR. 369', 3, '0221-0765721'),
(57, 'SPECIALITES', '265, BOULEVARD CHARONNE', 8, '(1); 42.34.22.77'),
(58, 'COMIDAS CLASICAS', 'CALLE DR. JORGE CASH 321', 3, '(5); 545-3745'),
(59, 'UND MEHR', 'GEISLWEG 14', 2, '6562-9723'),
(60, 'PRINCESA ISABEL VINHOS', 'ESTRADA DA SAÚDE N. 58', 4, ''),
(61, 'QUE DELICIA', 'RUA DA PANIFICADORA, 12', 4, '(21); 555-4545'),
(62, 'COZINHA', 'ALAMEDA DOS CANÀRIOS, 891', 9, ''),
(63, 'STOP', 'TAUCHERSTRAßE 10', 6, ''),
(64, 'GRANDE', 'AV. DEL LIBERTADOR 900', 1, '(1); 123-5556'),
(65, 'RATTLESNAKE CANYON GROCERY', '2817 MILTON DR.', 1, '(505); 555-3620'),
(66, 'REGGIANI CASEIFICI', 'STRADA PROVINCIALE 124', 3, '0522-556722'),
(67, 'ADOCICADOS', 'AV. COPACABANA, 267', 7, ''),
(68, 'RICHTER SUPERMARKT', 'GRENZACHERWEG 237', 3, ''),
(69, 'ROMERO Y TOMILLO', 'GRAN VIA, 1', 9, '(91); 745 6210'),
(70, 'SANTE GOURMET', 'ERLING SKAKKES GATE 78', 2, '07-98 92 47'),
(71, 'SAVE-A-LOT MARKETS', '187 SUFFOLK LN.', 5, '(208); 555-8097'),
(72, 'SEVEN SEAS IMPORTS', '90 WADHURST RD.', 8, '(71); 555-5646'),
(73, 'SIMONS BISTRO', 'VINBÆLTET 34', 6, '31 13 35 57'),
(74, 'SPECIALITES DU MONDE', '25, RUE LAURISTON', 3, '(1); 47.55.60.20'),
(75, 'SPLIT RAIL BEER & ALE', 'P.O. BOX 555', 4, '(307); 555-6525'),
(76, 'SUPREMES DELICES', 'BOULEVARD TIROU, 255', 9, '(071); 23 67 22 21'),
(77, 'THE BIG CHEESE', '89 JEFFERSON WAYRNSUITE 2', 3, ''),
(78, 'THE CRACKER BOX', '55 GRIZZLY PEAK RD.', 7, '(406); 555-8083'),
(79, 'TOMS SPEZIALITATEN', 'LUISENSTR. 48', 4, '0251-035695'),
(80, 'RESTAURANTE', 'AVDA. AZTECA 123', 6, ''),
(81, 'TRADICAO HIPERMERCADOS', 'AV. INÊS DE CASTRO, 414', 9, '(11); 555-2168'),
(82, 'TRAILS HEAD GOURMET PROVISIONERS', '722 DAVINCI BLVD.', 1, '(206); 555-2174'),
(83, 'JERNET', 'SMAGSLOOGET 45', 3, '86 22 33 44'),
(84, 'VICTUAILLES EN STOCK', '2, RUE DU COMMERCE', 7, '78.32.54.87'),
(85, 'VINS ET ALCOOLS CHEVALIER', '59 RUE DE LABBAYE', 5, '26.47.15.11'),
(86, 'DIE WANDERNDE KUH', 'ADENAUERALLEE 900', 8, '0711-035428'),
(87, 'WARTIAN HERKKU', 'TORIKATU 38', 2, '981-443655'),
(88, 'TON IMPORTADORA', 'RUA DO MERCADO, 12', 5, ''),
(89, 'WHITE CLOVER MARKETS', '305 - 14TH AVE. S.RNSUITE 3B', 3, '(206); 555-4115'),
(90, 'WILMAN KALA', 'KESKUSKATU 45', 7, '90-224 8858'),
(91, 'WOLSKI  ZAJAZD', 'UL. FILTROWA 68', 2, '(26); 642-7012');

-- --------------------------------------------------------

--
-- Estructura de tabla para la tabla `clientee`
--

CREATE TABLE `clientee` (
  `NOM_CLII` varchar(50) NOT NULL,
  `DIR_CLII` varchar(50) NOT NULL,
  `FON_CLII` varchar(50) NOT NULL
) ENGINE=InnoDB DEFAULT CHARSET=utf8mb4 COLLATE=utf8mb4_general_ci;

--
-- Volcado de datos para la tabla `clientee`
--

INSERT INTO `clientee` (`NOM_CLII`, `DIR_CLII`, `FON_CLII`) VALUES
('ALONSO', 'LIMA', '946456'),
('ALFREDS FUTTERKISTE', 'OBERE STR. 57', '030-0074321'),
('ANA TRUJILLO EMPAREDADOS Y HELADOS', 'AVDA. DE LA CONSTITUCION 2222', '(5); 555-4729'),
('ANTONIO MORENO TAQUERIA', 'MATADEROS  2312', '(5); 555-3932'),
('AROUND THE HORN', '120 HANOVER SQ.', '(71); 555-7788'),
('ALONSO', 'AV. LIMA PERU', '87654654'),
('RUMAYRU SRL', 'ESMERAL DE LOS ANDES  CALLE 66', '915-515-244'),
('NF CONSULTING', 'Los Olivos Los Alisos', '91546456'),
('Henry Discos', 'Av. Wilson 1516', '913653614'),
('Eddy Menus', 'Av. Esmeralda de los Andes', '6456456');

-- --------------------------------------------------------

--
-- Estructura de tabla para la tabla `detalle`
--

CREATE TABLE `detalle` (
  `IDE_PED` int(11) NOT NULL,
  `IDE_PRO` int(11) NOT NULL,
  `PRE_DET` decimal(10,0) NOT NULL,
  `CAN_DET` int(11) NOT NULL,
  `DES_DET` decimal(10,0) NOT NULL
) ENGINE=InnoDB DEFAULT CHARSET=utf8mb4 COLLATE=utf8mb4_general_ci;

--
-- Volcado de datos para la tabla `detalle`
--

INSERT INTO `detalle` (`IDE_PED`, `IDE_PRO`, `PRE_DET`, `CAN_DET`, `DES_DET`) VALUES
(10248, 11, 14, 12, 0),
(10248, 42, 9, 10, 0),
(10248, 72, 34, 5, 0),
(10249, 14, 18, 9, 0),
(10249, 51, 42, 40, 0),
(10250, 41, 7, 10, 0),
(10250, 51, 42, 35, 0),
(10250, 65, 16, 15, 0),
(10251, 22, 16, 6, 0),
(10251, 57, 15, 15, 0),
(10251, 65, 16, 20, 0),
(10252, 20, 64, 40, 0),
(10252, 33, 2, 25, 0),
(10252, 60, 27, 40, 0),
(10253, 31, 10, 20, 0),
(10253, 39, 14, 42, 0),
(10253, 49, 16, 40, 0),
(10254, 24, 3, 15, 0),
(10254, 55, 19, 21, 0),
(10254, 74, 8, 21, 0),
(10255, 2, 15, 20, 0),
(10255, 16, 13, 35, 0),
(10255, 36, 15, 25, 0),
(10255, 59, 44, 30, 0),
(10256, 53, 26, 15, 0),
(10256, 77, 10, 12, 0),
(10257, 27, 35, 25, 0),
(10257, 39, 14, 6, 0),
(10257, 77, 10, 15, 0),
(10258, 2, 15, 50, 0),
(10258, 5, 17, 65, 0),
(10258, 32, 25, 6, 0),
(10259, 21, 8, 10, 0),
(10259, 37, 20, 1, 0),
(10260, 41, 7, 16, 0),
(10260, 57, 15, 50, 0),
(10260, 62, 39, 15, 0),
(10260, 70, 12, 21, 0),
(10261, 21, 8, 20, 0),
(10261, 35, 14, 20, 0),
(10262, 5, 17, 12, 0),
(10262, 7, 24, 15, 0),
(10262, 56, 30, 2, 0),
(10263, 16, 13, 60, 0),
(10263, 24, 3, 28, 0),
(10263, 30, 20, 60, 0),
(10263, 74, 8, 36, 0),
(10264, 2, 15, 35, 0),
(10264, 41, 7, 25, 0),
(10265, 17, 31, 30, 0),
(10265, 70, 12, 20, 0),
(10266, 12, 30, 12, 0),
(10267, 40, 14, 50, 0),
(10267, 59, 44, 70, 0),
(10267, 76, 14, 15, 0),
(10268, 29, 99, 10, 0),
(10268, 72, 27, 4, 0),
(10269, 33, 2, 60, 0),
(10269, 72, 27, 20, 0),
(10270, 36, 15, 30, 0),
(10270, 43, 36, 25, 0),
(10271, 33, 2, 24, 0),
(10272, 20, 64, 6, 0),
(10272, 31, 10, 40, 0),
(10272, 72, 27, 24, 0),
(10273, 10, 24, 24, 0),
(10273, 31, 10, 15, 0),
(10273, 33, 2, 20, 0),
(10273, 40, 14, 60, 0),
(10273, 76, 14, 33, 0),
(10274, 71, 17, 20, 0),
(10274, 72, 27, 7, 0),
(10275, 24, 3, 12, 0),
(10275, 59, 44, 6, 0),
(10276, 10, 24, 15, 0),
(10276, 13, 4, 10, 0),
(10277, 28, 36, 20, 0),
(10277, 62, 39, 12, 0),
(10278, 44, 15, 16, 0),
(10278, 59, 44, 15, 0),
(10278, 63, 35, 8, 0),
(10278, 73, 12, 25, 0),
(10279, 17, 31, 15, 0),
(10280, 24, 3, 12, 0),
(10280, 55, 19, 20, 0),
(10280, 75, 6, 30, 0),
(10281, 19, 7, 1, 0),
(10281, 24, 3, 6, 0),
(10281, 35, 14, 4, 0),
(10282, 30, 20, 6, 0),
(10282, 57, 15, 2, 0),
(10283, 15, 12, 20, 0),
(10283, 19, 7, 18, 0),
(10283, 60, 27, 35, 0),
(10283, 72, 27, 3, 0),
(10284, 27, 35, 15, 0),
(10284, 44, 15, 21, 0),
(10284, 60, 27, 20, 0),
(10284, 67, 11, 5, 0),
(10285, 1, 14, 45, 0),
(10285, 40, 14, 40, 0),
(10285, 53, 26, 36, 0),
(10286, 35, 14, 100, 0),
(10286, 62, 39, 40, 0),
(10287, 16, 13, 40, 0),
(10287, 34, 11, 20, 0),
(10287, 46, 9, 15, 0),
(10288, 54, 5, 10, 0),
(10288, 68, 10, 3, 0),
(10289, 3, 8, 30, 0),
(10289, 64, 26, 9, 0),
(10290, 5, 17, 20, 0),
(10290, 29, 99, 15, 0),
(10290, 49, 16, 15, 0),
(10290, 77, 10, 10, 0),
(10291, 13, 4, 20, 0),
(10291, 44, 15, 24, 0),
(10291, 51, 42, 2, 0),
(10292, 20, 64, 20, 0),
(10293, 18, 50, 12, 0),
(10293, 24, 3, 10, 0),
(10293, 63, 35, 5, 0),
(10293, 75, 6, 6, 0),
(10294, 1, 14, 18, 0),
(10294, 17, 31, 15, 0),
(10294, 43, 36, 15, 0),
(10294, 60, 27, 21, 0),
(10294, 75, 6, 6, 0),
(10295, 56, 30, 4, 0),
(10296, 11, 16, 12, 0),
(10296, 16, 13, 30, 0),
(10296, 69, 28, 15, 0),
(10297, 39, 14, 60, 0),
(10297, 72, 27, 20, 0),
(10298, 2, 15, 40, 0),
(10298, 36, 15, 40, 0),
(10298, 59, 44, 30, 0),
(10298, 62, 39, 15, 0),
(10299, 19, 7, 15, 0),
(10299, 70, 12, 20, 0),
(10300, 66, 13, 30, 0),
(10300, 68, 10, 20, 0),
(10301, 40, 14, 10, 0),
(10301, 56, 30, 20, 0),
(10302, 17, 31, 40, 0),
(10302, 28, 36, 28, 0),
(10302, 43, 36, 12, 0),
(10303, 40, 14, 40, 0),
(10303, 65, 16, 30, 0),
(10303, 68, 10, 15, 0),
(10304, 49, 16, 30, 0),
(10304, 59, 44, 10, 0),
(10304, 71, 17, 2, 0),
(10305, 18, 50, 25, 0),
(10305, 29, 99, 25, 0),
(10305, 39, 14, 30, 0),
(10306, 30, 20, 10, 0),
(10306, 53, 26, 10, 0),
(10306, 54, 5, 5, 0),
(10307, 62, 39, 10, 0),
(10307, 68, 10, 3, 0),
(10308, 69, 28, 1, 0),
(10308, 70, 12, 5, 0),
(10309, 4, 17, 20, 0),
(10309, 6, 20, 30, 0),
(10309, 42, 11, 2, 0),
(10309, 43, 36, 20, 0),
(10309, 71, 17, 3, 0),
(10310, 16, 13, 10, 0),
(10310, 62, 39, 5, 0),
(10311, 42, 11, 6, 0),
(10311, 69, 28, 7, 0),
(10312, 28, 36, 4, 0),
(10312, 43, 36, 24, 0),
(10312, 53, 26, 20, 0),
(10312, 75, 6, 10, 0),
(10313, 36, 15, 12, 0),
(10314, 32, 25, 40, 0),
(10314, 58, 10, 30, 0),
(10314, 62, 39, 25, 0),
(10315, 34, 11, 14, 0),
(10315, 70, 12, 30, 0),
(10316, 41, 7, 10, 0),
(10316, 62, 39, 70, 0),
(10317, 1, 14, 20, 0),
(10318, 41, 7, 20, 0),
(10318, 76, 14, 6, 0),
(10319, 17, 31, 8, 0),
(10319, 28, 36, 14, 0),
(10319, 76, 14, 30, 0),
(10320, 71, 17, 30, 0),
(10321, 35, 14, 10, 0),
(10322, 52, 5, 20, 0),
(10323, 15, 12, 5, 0),
(10323, 25, 11, 4, 0),
(10323, 39, 14, 4, 0),
(10324, 16, 13, 21, 0),
(10324, 35, 14, 70, 0),
(10324, 46, 9, 30, 0),
(10324, 59, 44, 40, 0),
(10324, 63, 35, 80, 0),
(10325, 6, 20, 6, 0),
(10325, 13, 4, 12, 0),
(10325, 14, 18, 9, 0),
(10325, 31, 10, 4, 0),
(10325, 72, 27, 40, 0),
(10326, 4, 17, 24, 0),
(10326, 57, 15, 16, 0),
(10326, 75, 6, 50, 0),
(10327, 2, 15, 25, 0),
(10327, 11, 16, 50, 0),
(10327, 30, 20, 35, 0),
(10327, 58, 10, 30, 0),
(10328, 59, 44, 9, 0),
(10328, 65, 16, 40, 0),
(10328, 68, 10, 10, 0),
(10329, 19, 7, 10, 0),
(10329, 30, 20, 8, 0),
(10329, 38, 210, 20, 0),
(10329, 56, 30, 12, 0),
(10330, 26, 24, 50, 0),
(10330, 72, 27, 25, 0),
(10331, 54, 5, 15, 0),
(10332, 18, 50, 40, 0),
(10332, 42, 11, 10, 0),
(10332, 47, 7, 16, 0),
(10333, 14, 18, 10, 0),
(10333, 21, 8, 10, 0),
(10333, 71, 17, 40, 0),
(10334, 52, 5, 8, 0),
(10334, 68, 10, 10, 0),
(10335, 2, 15, 7, 0),
(10335, 31, 10, 25, 0),
(10335, 32, 25, 6, 0),
(10335, 51, 42, 48, 0),
(10336, 4, 17, 18, 0),
(10337, 23, 7, 40, 0),
(10337, 26, 24, 24, 0),
(10337, 36, 15, 20, 0),
(10337, 37, 20, 28, 0),
(10337, 72, 27, 25, 0),
(10338, 17, 31, 20, 0),
(10338, 30, 20, 15, 0),
(10339, 4, 17, 10, 0),
(10339, 17, 31, 70, 0),
(10339, 62, 39, 28, 0),
(10340, 18, 50, 20, 0),
(10340, 41, 7, 12, 0),
(10340, 43, 36, 40, 0),
(10341, 33, 2, 8, 0),
(10341, 59, 44, 9, 0),
(10342, 2, 15, 24, 0),
(10342, 31, 10, 56, 0),
(10342, 36, 15, 40, 0),
(10342, 55, 19, 40, 0),
(10343, 64, 26, 50, 0),
(10343, 68, 10, 4, 0),
(10343, 76, 14, 15, 0),
(10344, 4, 17, 35, 0),
(10344, 8, 32, 70, 0),
(10345, 8, 32, 70, 0),
(10345, 19, 7, 80, 0),
(10345, 42, 11, 9, 0),
(10346, 17, 31, 36, 0),
(10346, 56, 30, 20, 0),
(10347, 25, 11, 10, 0),
(10347, 39, 14, 50, 0),
(10347, 40, 14, 4, 0),
(10347, 75, 6, 6, 0),
(10348, 1, 14, 15, 0),
(10348, 23, 7, 25, 0),
(10349, 54, 5, 24, 0),
(10350, 50, 13, 15, 0),
(10350, 69, 28, 18, 0),
(10351, 38, 210, 20, 0),
(10351, 41, 7, 13, 0),
(10351, 44, 15, 77, 0),
(10351, 65, 16, 10, 0),
(10352, 24, 3, 10, 0),
(10352, 54, 5, 20, 0),
(10353, 11, 16, 12, 0),
(10353, 38, 210, 50, 0),
(10354, 1, 14, 12, 0),
(10354, 29, 99, 4, 0),
(10355, 24, 3, 25, 0),
(10355, 57, 15, 25, 0),
(10356, 31, 10, 30, 0),
(10356, 55, 19, 12, 0),
(10356, 69, 28, 20, 0),
(10357, 10, 24, 30, 0),
(10357, 26, 24, 16, 0),
(10357, 60, 27, 8, 0),
(10358, 24, 3, 10, 0),
(10358, 34, 11, 10, 0),
(10358, 36, 15, 20, 0),
(10359, 16, 13, 56, 0),
(10359, 31, 10, 70, 0),
(10359, 60, 27, 80, 0),
(10360, 28, 36, 30, 0),
(10360, 29, 99, 35, 0),
(10360, 38, 210, 10, 0),
(10360, 49, 16, 35, 0),
(10360, 54, 5, 28, 0),
(10361, 39, 14, 54, 0),
(10361, 60, 27, 55, 0),
(10362, 25, 11, 50, 0),
(10362, 51, 42, 20, 0),
(10362, 54, 5, 24, 0),
(10363, 31, 10, 20, 0),
(10363, 75, 6, 12, 0),
(10363, 76, 14, 12, 0),
(10364, 69, 28, 30, 0),
(10364, 71, 17, 5, 0),
(10365, 11, 16, 24, 0),
(10366, 65, 16, 5, 0),
(10366, 77, 10, 5, 0),
(10367, 34, 11, 36, 0),
(10367, 54, 5, 18, 0),
(10367, 65, 16, 15, 0),
(10367, 77, 10, 7, 0),
(10368, 21, 8, 5, 0),
(10368, 28, 36, 13, 0),
(10368, 57, 15, 25, 0),
(10368, 64, 26, 35, 0),
(10369, 29, 99, 20, 0),
(10369, 56, 30, 18, 0),
(10370, 1, 14, 15, 0),
(10370, 64, 26, 30, 0),
(10370, 74, 8, 20, 0),
(10371, 36, 15, 6, 0),
(10372, 20, 64, 12, 0),
(10372, 38, 210, 40, 0),
(10372, 60, 27, 70, 0),
(10372, 72, 27, 42, 0),
(10373, 58, 10, 80, 0),
(10373, 71, 17, 50, 0),
(10374, 31, 10, 30, 0),
(10374, 58, 10, 15, 0),
(10375, 14, 18, 15, 0),
(10375, 54, 5, 10, 0),
(10376, 31, 10, 42, 0),
(10377, 28, 36, 20, 0),
(10377, 39, 14, 20, 0),
(10378, 71, 17, 6, 0),
(10379, 41, 7, 8, 0),
(10379, 63, 35, 16, 0),
(10379, 65, 16, 20, 0),
(10380, 30, 20, 18, 0),
(10380, 53, 26, 20, 0),
(10380, 60, 27, 6, 0),
(10380, 70, 12, 30, 0),
(10381, 74, 8, 14, 0),
(10382, 5, 17, 32, 0),
(10382, 18, 50, 9, 0),
(10382, 29, 99, 14, 0),
(10382, 33, 2, 60, 0),
(10382, 74, 8, 50, 0),
(10383, 13, 4, 20, 0),
(10383, 50, 13, 15, 0),
(10383, 56, 30, 20, 0),
(10384, 20, 64, 28, 0),
(10384, 60, 27, 15, 0),
(10385, 7, 24, 10, 0),
(10385, 60, 27, 20, 0),
(10385, 68, 10, 8, 0),
(10386, 24, 3, 15, 0),
(10386, 34, 11, 10, 0),
(10387, 24, 3, 15, 0),
(10387, 28, 36, 6, 0),
(10387, 59, 44, 12, 0),
(10387, 71, 17, 15, 0),
(10388, 45, 7, 15, 0),
(10388, 52, 5, 20, 0),
(10388, 53, 26, 40, 0),
(10389, 10, 24, 16, 0),
(10389, 55, 19, 15, 0),
(10389, 62, 39, 20, 0),
(10389, 70, 12, 30, 0),
(10390, 31, 10, 60, 0),
(10390, 35, 14, 40, 0),
(10390, 46, 9, 45, 0),
(10390, 72, 27, 24, 0),
(10391, 13, 4, 18, 0),
(10392, 69, 28, 50, 0),
(10393, 2, 15, 25, 0),
(10393, 14, 18, 42, 0),
(10393, 25, 11, 7, 0),
(10393, 26, 24, 70, 0),
(10393, 31, 10, 32, 0),
(10394, 13, 4, 10, 0),
(10394, 62, 39, 10, 0),
(10395, 46, 9, 28, 0),
(10395, 53, 26, 70, 0),
(10395, 69, 28, 8, 0),
(10396, 23, 7, 40, 0),
(10396, 71, 17, 60, 0),
(10396, 72, 27, 21, 0),
(10397, 21, 8, 10, 0),
(10397, 51, 42, 18, 0),
(10398, 35, 14, 30, 0),
(10398, 55, 19, 120, 0),
(10399, 68, 10, 60, 0),
(10399, 71, 17, 30, 0),
(10399, 76, 14, 35, 0),
(10399, 77, 10, 14, 0),
(10400, 29, 99, 21, 0),
(10400, 35, 14, 35, 0),
(10400, 49, 16, 30, 0),
(10401, 30, 20, 18, 0),
(10401, 56, 30, 70, 0),
(10401, 65, 16, 20, 0),
(10401, 71, 17, 60, 0),
(10402, 23, 7, 60, 0),
(10402, 63, 35, 65, 0),
(10403, 16, 13, 21, 0),
(10403, 48, 10, 70, 0),
(10404, 26, 24, 30, 0),
(10404, 42, 11, 40, 0),
(10404, 49, 16, 30, 0),
(10405, 3, 8, 50, 0),
(10406, 1, 14, 10, 0),
(10406, 21, 8, 30, 0),
(10406, 28, 36, 42, 0),
(10406, 36, 15, 5, 0),
(10406, 40, 14, 2, 0),
(10407, 11, 16, 30, 0),
(10407, 69, 28, 15, 0),
(10407, 71, 17, 15, 0),
(10408, 37, 20, 10, 0),
(10408, 54, 5, 6, 0),
(10408, 62, 39, 35, 0),
(10409, 14, 18, 12, 0),
(10409, 21, 8, 12, 0),
(10410, 33, 2, 49, 0),
(10410, 59, 44, 16, 0),
(10411, 41, 7, 25, 0),
(10411, 44, 15, 40, 0),
(10411, 59, 44, 9, 0),
(10412, 14, 18, 20, 0),
(10413, 1, 14, 24, 0),
(10413, 62, 39, 40, 0),
(10413, 76, 14, 14, 0),
(10414, 19, 7, 18, 0),
(10414, 33, 2, 50, 0),
(10415, 17, 31, 2, 0),
(10415, 33, 2, 20, 0),
(10416, 19, 7, 20, 0),
(10416, 53, 26, 10, 0),
(10416, 57, 15, 20, 0),
(10417, 38, 210, 50, 0),
(10417, 46, 9, 2, 0),
(10417, 68, 10, 36, 0),
(10417, 77, 10, 35, 0),
(10418, 2, 15, 60, 0),
(10418, 47, 7, 55, 0),
(10418, 61, 22, 16, 0),
(10418, 74, 8, 15, 0),
(10419, 60, 27, 60, 0),
(10419, 69, 28, 20, 0),
(10420, 9, 77, 20, 0),
(10420, 13, 4, 2, 0),
(10420, 70, 12, 8, 0),
(10420, 73, 12, 20, 0),
(10421, 19, 7, 4, 0),
(10421, 26, 24, 30, 0),
(10421, 53, 26, 15, 0),
(10421, 77, 10, 10, 0),
(10422, 26, 24, 2, 0),
(10423, 31, 10, 14, 0),
(10423, 59, 44, 20, 0),
(10424, 35, 14, 60, 0),
(10424, 38, 210, 49, 0),
(10424, 68, 10, 30, 0),
(10425, 55, 19, 10, 0),
(10425, 76, 14, 20, 0),
(10426, 56, 30, 5, 0),
(10426, 64, 26, 7, 0),
(10427, 14, 18, 35, 0),
(10428, 46, 9, 20, 0),
(10429, 50, 13, 40, 0),
(10429, 63, 35, 35, 0),
(10430, 17, 31, 45, 0),
(10430, 21, 8, 50, 0),
(10430, 56, 30, 30, 0),
(10430, 59, 44, 70, 0),
(10431, 17, 31, 50, 0),
(10431, 40, 14, 50, 0),
(10431, 47, 7, 30, 0),
(10432, 26, 24, 10, 0),
(10432, 54, 5, 40, 0),
(10433, 56, 30, 28, 0),
(10434, 11, 16, 6, 0),
(10434, 76, 14, 18, 0),
(10435, 2, 15, 10, 0),
(10435, 22, 16, 12, 0),
(10435, 72, 27, 10, 0),
(10436, 46, 9, 5, 0),
(10436, 56, 30, 40, 0),
(10436, 64, 26, 30, 0),
(10436, 75, 6, 24, 0),
(10437, 53, 26, 15, 0),
(10438, 19, 7, 15, 0),
(10438, 34, 11, 20, 0),
(10438, 57, 15, 15, 0),
(10439, 12, 30, 15, 0),
(10439, 16, 13, 16, 0),
(10439, 64, 26, 6, 0),
(10439, 74, 8, 30, 0),
(10440, 2, 15, 45, 0),
(10440, 16, 13, 49, 0),
(10440, 29, 99, 24, 0),
(10440, 61, 22, 90, 0),
(10441, 27, 35, 50, 0),
(10442, 11, 16, 30, 0),
(10442, 54, 5, 80, 0),
(10442, 66, 13, 60, 0),
(10443, 11, 16, 6, 0),
(10443, 28, 36, 12, 0),
(10444, 17, 31, 10, 0),
(10444, 26, 24, 15, 0),
(10444, 35, 14, 8, 0),
(10444, 41, 7, 30, 0),
(10445, 39, 14, 6, 0),
(10445, 54, 5, 15, 0),
(10446, 19, 7, 12, 0),
(10446, 24, 3, 20, 0),
(10446, 31, 10, 3, 0),
(10446, 52, 5, 15, 0),
(10447, 19, 7, 40, 0),
(10447, 65, 16, 35, 0),
(10447, 71, 17, 2, 0),
(10448, 26, 24, 6, 0),
(10448, 40, 14, 20, 0),
(10449, 10, 24, 14, 0),
(10449, 52, 5, 20, 0),
(10449, 62, 39, 35, 0),
(10450, 10, 24, 20, 0),
(10450, 54, 5, 6, 0),
(10451, 55, 19, 120, 0),
(10451, 64, 26, 35, 0),
(10451, 65, 16, 28, 0),
(10451, 77, 10, 55, 0),
(10452, 28, 36, 15, 0),
(10452, 44, 15, 100, 0),
(10453, 48, 10, 15, 0),
(10453, 70, 12, 25, 0),
(10454, 16, 13, 20, 0),
(10454, 33, 2, 20, 0),
(10454, 46, 9, 10, 0),
(10455, 39, 14, 20, 0),
(10455, 53, 26, 50, 0),
(10455, 61, 22, 25, 0),
(10455, 71, 17, 30, 0),
(10456, 21, 8, 40, 0),
(10456, 49, 16, 21, 0),
(10457, 59, 44, 36, 0),
(10458, 26, 24, 30, 0),
(10458, 28, 36, 30, 0),
(10458, 43, 36, 20, 0),
(10458, 56, 30, 15, 0),
(10458, 71, 17, 50, 0),
(10459, 7, 24, 16, 0),
(10459, 46, 9, 20, 0),
(10459, 72, 27, 40, 0),
(10460, 68, 10, 21, 0),
(10460, 75, 6, 4, 0),
(10461, 21, 8, 40, 0),
(10461, 30, 20, 28, 0),
(10461, 55, 19, 60, 0),
(10462, 13, 4, 1, 0),
(10462, 23, 7, 21, 0),
(10463, 19, 7, 21, 0),
(10463, 42, 11, 50, 0),
(10464, 4, 17, 16, 0),
(10464, 43, 36, 3, 0),
(10464, 56, 30, 30, 0),
(10464, 60, 27, 20, 0),
(10465, 24, 3, 25, 0),
(10465, 29, 99, 18, 0),
(10465, 40, 14, 20, 0),
(10465, 45, 7, 30, 0),
(10465, 50, 13, 25, 0),
(10466, 11, 16, 10, 0),
(10466, 46, 9, 5, 0),
(10467, 24, 3, 28, 0),
(10467, 25, 11, 12, 0),
(10468, 30, 20, 8, 0),
(10468, 43, 36, 15, 0),
(10469, 2, 15, 40, 0),
(10469, 16, 13, 35, 0),
(10469, 44, 15, 2, 0),
(10470, 18, 50, 30, 0),
(10470, 23, 7, 15, 0),
(10470, 64, 26, 8, 0),
(10471, 7, 24, 30, 0),
(10471, 56, 30, 20, 0),
(10472, 24, 3, 80, 0),
(10472, 51, 42, 18, 0),
(10473, 33, 2, 12, 0),
(10473, 71, 17, 12, 0),
(10474, 14, 18, 12, 0),
(10474, 28, 36, 18, 0),
(10474, 40, 14, 21, 0),
(10474, 75, 6, 10, 0),
(10475, 31, 10, 35, 0),
(10475, 66, 13, 60, 0),
(10475, 76, 14, 42, 0),
(10476, 55, 19, 2, 0),
(10476, 70, 12, 12, 0),
(10477, 1, 14, 15, 0),
(10477, 21, 8, 21, 0),
(10477, 39, 14, 20, 0),
(10478, 10, 24, 20, 0),
(10479, 38, 210, 30, 0),
(10479, 53, 26, 28, 0),
(10479, 59, 44, 60, 0),
(10479, 64, 26, 30, 0),
(10480, 47, 7, 30, 0),
(10480, 59, 44, 12, 0),
(10481, 49, 16, 24, 0),
(10481, 60, 27, 40, 0),
(10482, 40, 14, 10, 0),
(10483, 34, 11, 35, 0),
(10483, 77, 10, 30, 0),
(10484, 21, 8, 14, 0),
(10484, 40, 14, 10, 0),
(10484, 51, 42, 3, 0),
(10485, 2, 15, 20, 0),
(10485, 3, 8, 20, 0),
(10485, 55, 19, 30, 0),
(10485, 70, 12, 60, 0),
(10486, 11, 16, 5, 0),
(10486, 51, 42, 25, 0),
(10486, 74, 8, 16, 0),
(10487, 19, 7, 5, 0),
(10487, 26, 24, 30, 0),
(10487, 54, 5, 24, 0),
(10488, 59, 44, 30, 0),
(10488, 73, 12, 20, 0),
(10489, 11, 16, 15, 0),
(10489, 16, 13, 18, 0),
(10490, 59, 44, 60, 0),
(10490, 68, 10, 30, 0),
(10490, 75, 6, 36, 0),
(10491, 44, 15, 15, 0),
(10491, 77, 10, 7, 0),
(10492, 25, 11, 60, 0),
(10492, 42, 11, 20, 0),
(10493, 65, 16, 15, 0),
(10493, 66, 13, 10, 0),
(10493, 69, 28, 10, 0),
(10494, 56, 30, 30, 0),
(10495, 23, 7, 10, 0),
(10495, 41, 7, 20, 0),
(10495, 77, 10, 5, 0),
(10496, 31, 10, 20, 0),
(10497, 56, 30, 14, 0),
(10497, 72, 27, 25, 0),
(10497, 77, 10, 25, 0),
(10498, 24, 4, 14, 0),
(10498, 40, 18, 5, 0),
(10498, 42, 14, 30, 0),
(10499, 28, 45, 20, 0),
(10499, 49, 20, 25, 0),
(10500, 15, 15, 12, 0),
(10500, 28, 45, 8, 0),
(10501, 54, 7, 20, 0),
(10502, 45, 9, 21, 0),
(10502, 53, 32, 6, 0),
(10502, 67, 14, 30, 0),
(10503, 14, 23, 70, 0),
(10503, 65, 21, 20, 0),
(10504, 2, 19, 12, 0),
(10504, 21, 10, 12, 0),
(10504, 53, 32, 10, 0),
(10504, 61, 28, 25, 0),
(10505, 62, 49, 3, 0),
(10506, 25, 14, 18, 0),
(10506, 70, 15, 14, 0),
(10507, 43, 46, 15, 0),
(10507, 48, 12, 15, 0),
(10508, 13, 6, 10, 0),
(10508, 39, 18, 10, 0),
(10509, 28, 45, 3, 0),
(10510, 29, 123, 36, 0),
(10510, 75, 7, 36, 0),
(10511, 4, 22, 50, 0),
(10511, 7, 30, 50, 0),
(10511, 8, 40, 10, 0),
(10512, 24, 4, 10, 0),
(10512, 46, 12, 9, 0),
(10512, 47, 9, 6, 0),
(10512, 60, 34, 12, 0),
(10513, 21, 10, 40, 0),
(10513, 32, 32, 50, 0),
(10513, 61, 28, 15, 0),
(10514, 20, 81, 39, 0),
(10514, 28, 45, 35, 0),
(10514, 56, 38, 70, 0),
(10514, 65, 21, 39, 0),
(10514, 75, 7, 50, 0),
(10515, 9, 97, 16, 0),
(10515, 16, 17, 50, 0),
(10515, 27, 43, 120, 0),
(10515, 33, 2, 16, 0),
(10515, 60, 34, 84, 0),
(10516, 18, 62, 25, 0),
(10516, 41, 9, 80, 0),
(10516, 42, 14, 20, 0),
(10517, 52, 7, 6, 0),
(10517, 59, 55, 4, 0),
(10517, 70, 15, 6, 0),
(10518, 24, 4, 5, 0),
(10518, 38, 263, 15, 0),
(10518, 44, 19, 9, 0),
(10519, 10, 31, 16, 0),
(10519, 56, 38, 40, 0),
(10519, 60, 34, 10, 0),
(10520, 24, 4, 8, 0),
(10520, 53, 32, 5, 0),
(10521, 35, 18, 3, 0),
(10521, 41, 9, 10, 0),
(10521, 68, 12, 6, 0),
(10522, 1, 18, 40, 0),
(10522, 8, 40, 24, 0),
(10522, 30, 25, 20, 0),
(10522, 40, 18, 25, 0),
(10523, 17, 39, 25, 0),
(10523, 20, 81, 15, 0),
(10523, 37, 26, 18, 0),
(10523, 41, 9, 6, 0),
(10524, 10, 31, 2, 0),
(10524, 30, 25, 10, 0),
(10524, 43, 46, 60, 0),
(10524, 54, 7, 15, 0),
(10525, 36, 19, 30, 0),
(10525, 40, 18, 15, 0),
(10526, 1, 18, 8, 0),
(10526, 13, 6, 10, 0),
(10526, 56, 38, 30, 0),
(10527, 4, 22, 50, 0),
(10527, 36, 19, 30, 0),
(10528, 11, 21, 3, 0),
(10528, 33, 2, 8, 0),
(10528, 72, 34, 9, 0),
(10529, 55, 24, 14, 0),
(10529, 68, 12, 20, 0),
(10529, 69, 36, 10, 0),
(10530, 17, 39, 40, 0),
(10530, 43, 46, 25, 0),
(10530, 61, 28, 20, 0),
(10530, 76, 18, 50, 0),
(10531, 59, 55, 2, 0),
(10532, 30, 25, 15, 0),
(10532, 66, 17, 24, 0),
(10533, 4, 22, 50, 0),
(10533, 72, 34, 24, 0),
(10533, 73, 15, 24, 0),
(10534, 30, 25, 10, 0),
(10534, 40, 18, 10, 0),
(10534, 54, 7, 10, 0),
(10535, 11, 21, 50, 0),
(10535, 40, 18, 10, 0),
(10535, 57, 19, 5, 0),
(10535, 59, 55, 15, 0),
(10536, 12, 38, 15, 0),
(10536, 31, 12, 20, 0),
(10536, 33, 2, 30, 0),
(10536, 60, 34, 35, 0),
(10537, 31, 12, 30, 0),
(10537, 51, 53, 6, 0),
(10537, 58, 13, 20, 0),
(10537, 72, 34, 21, 0),
(10537, 73, 15, 9, 0),
(10538, 70, 15, 7, 0),
(10538, 72, 34, 1, 0),
(10539, 13, 6, 8, 0),
(10539, 21, 10, 15, 0),
(10539, 33, 2, 15, 0),
(10539, 49, 20, 6, 0),
(10540, 3, 10, 60, 0),
(10540, 26, 31, 40, 0),
(10540, 38, 263, 30, 0),
(10540, 68, 12, 35, 0),
(10541, 24, 4, 35, 0),
(10541, 38, 263, 4, 0),
(10541, 65, 21, 36, 0),
(10541, 71, 21, 9, 0),
(10542, 11, 21, 15, 0),
(10542, 54, 7, 24, 0),
(10543, 12, 38, 30, 0),
(10543, 23, 9, 70, 0),
(10544, 28, 45, 7, 0),
(10544, 67, 14, 7, 0),
(10545, 11, 21, 10, 0),
(10546, 7, 30, 10, 0),
(10546, 35, 18, 30, 0),
(10546, 62, 49, 40, 0),
(10547, 32, 32, 24, 0),
(10547, 36, 19, 60, 0),
(10548, 34, 14, 10, 0),
(10548, 41, 9, 14, 0),
(10549, 31, 12, 55, 0),
(10549, 45, 9, 100, 0),
(10549, 51, 53, 48, 0),
(10550, 17, 39, 8, 0),
(10550, 19, 9, 10, 0),
(10550, 21, 10, 6, 0),
(10550, 61, 28, 10, 0),
(10551, 16, 17, 40, 0),
(10551, 35, 18, 20, 0),
(10551, 44, 19, 40, 0),
(10552, 69, 36, 18, 0),
(10552, 75, 7, 30, 0),
(10553, 11, 21, 15, 0),
(10553, 16, 17, 14, 0),
(10553, 22, 21, 24, 0),
(10553, 31, 12, 30, 0),
(10553, 35, 18, 6, 0),
(10554, 16, 17, 30, 0),
(10554, 23, 9, 20, 0),
(10554, 62, 49, 20, 0),
(10554, 77, 13, 10, 0),
(10555, 14, 23, 30, 0),
(10555, 19, 9, 35, 0),
(10555, 24, 4, 18, 0),
(10555, 51, 53, 20, 0),
(10555, 56, 38, 40, 0),
(10556, 72, 34, 24, 0),
(10557, 64, 33, 30, 0),
(10557, 75, 7, 20, 0),
(10558, 47, 9, 25, 0),
(10558, 51, 53, 20, 0),
(10558, 52, 7, 30, 0),
(10558, 53, 32, 18, 0),
(10558, 73, 15, 3, 0),
(10559, 41, 9, 12, 0),
(10559, 55, 24, 18, 0),
(10560, 30, 25, 20, 0),
(10560, 62, 49, 15, 0),
(10561, 44, 19, 10, 0),
(10561, 51, 53, 50, 0),
(10562, 33, 2, 20, 0),
(10562, 62, 49, 10, 0),
(10563, 36, 19, 25, 0),
(10563, 52, 7, 70, 0),
(10564, 17, 39, 16, 0),
(10564, 31, 12, 6, 0),
(10564, 55, 24, 25, 0),
(10565, 24, 4, 25, 0),
(10565, 64, 33, 18, 0),
(10566, 11, 21, 35, 0),
(10566, 18, 62, 18, 0),
(10566, 76, 18, 10, 0),
(10567, 31, 12, 60, 0),
(10567, 51, 53, 3, 0),
(10567, 59, 55, 40, 0),
(10568, 10, 31, 5, 0),
(10569, 31, 12, 35, 0),
(10569, 76, 18, 30, 0),
(10570, 11, 21, 15, 0),
(10570, 56, 38, 60, 0),
(10571, 14, 23, 11, 0),
(10571, 42, 14, 28, 0),
(10572, 16, 17, 12, 0),
(10572, 32, 32, 10, 0),
(10572, 40, 18, 50, 0),
(10572, 75, 7, 15, 0),
(10573, 17, 39, 18, 0),
(10573, 34, 14, 40, 0),
(10573, 53, 32, 25, 0),
(10574, 33, 2, 14, 0),
(10574, 40, 18, 2, 0),
(10574, 62, 49, 10, 0),
(10574, 64, 33, 6, 0),
(10575, 59, 55, 12, 0),
(10575, 63, 43, 6, 0),
(10575, 72, 34, 30, 0),
(10575, 76, 18, 10, 0),
(10576, 1, 18, 10, 0),
(10576, 31, 12, 20, 0),
(10576, 44, 19, 21, 0),
(10577, 39, 18, 10, 0),
(10577, 75, 7, 20, 0),
(10577, 77, 13, 18, 0),
(10578, 35, 18, 20, 0),
(10578, 57, 19, 6, 0),
(10579, 15, 15, 10, 0),
(10579, 75, 7, 21, 0),
(10580, 14, 23, 15, 0),
(10580, 41, 9, 9, 0),
(10580, 65, 21, 30, 0),
(10581, 75, 7, 50, 0),
(10582, 57, 19, 4, 0),
(10582, 76, 18, 14, 0),
(10583, 29, 123, 10, 0),
(10583, 60, 34, 24, 0),
(10583, 69, 36, 10, 0),
(10584, 31, 12, 50, 0),
(10585, 47, 9, 15, 0),
(10586, 52, 7, 4, 0),
(10587, 26, 31, 6, 0),
(10587, 35, 18, 20, 0),
(10587, 77, 13, 20, 0),
(10588, 18, 62, 40, 0),
(10588, 42, 14, 100, 0),
(10589, 35, 18, 4, 0),
(10590, 1, 18, 20, 0),
(10590, 77, 13, 60, 0),
(10591, 3, 10, 14, 0),
(10591, 7, 30, 10, 0),
(10591, 54, 7, 50, 0),
(10592, 15, 15, 25, 0),
(10592, 26, 31, 5, 0),
(10593, 20, 81, 21, 0),
(10593, 69, 36, 20, 0),
(10593, 76, 18, 4, 0),
(10594, 52, 7, 24, 0),
(10594, 58, 13, 30, 0),
(10595, 35, 18, 30, 0),
(10595, 61, 28, 120, 0),
(10595, 69, 36, 65, 0),
(10596, 56, 38, 5, 0),
(10596, 63, 43, 24, 0),
(10596, 75, 7, 30, 0),
(10597, 24, 4, 35, 0),
(10597, 57, 19, 20, 0),
(10597, 65, 21, 12, 0),
(10598, 27, 43, 50, 0),
(10598, 71, 21, 9, 0),
(10599, 62, 49, 10, 0),
(10600, 54, 7, 4, 0),
(10600, 73, 15, 30, 0),
(10601, 13, 6, 60, 0),
(10601, 59, 55, 35, 0),
(10602, 77, 13, 5, 0),
(10603, 22, 21, 48, 0),
(10603, 49, 20, 25, 0),
(10604, 48, 12, 6, 0),
(10604, 76, 18, 10, 0),
(10605, 16, 17, 30, 0),
(10605, 59, 55, 20, 0),
(10605, 60, 34, 70, 0),
(10605, 71, 21, 15, 0),
(10606, 4, 22, 20, 0),
(10606, 55, 24, 20, 0),
(10606, 62, 49, 10, 0),
(10607, 7, 30, 45, 0),
(10607, 17, 39, 100, 0),
(10607, 33, 2, 14, 0),
(10607, 40, 18, 42, 0),
(10607, 72, 34, 12, 0),
(10608, 56, 38, 28, 0),
(10609, 1, 18, 3, 0),
(10609, 10, 31, 10, 0),
(10609, 21, 10, 6, 0),
(10610, 36, 19, 21, 0),
(10611, 1, 18, 6, 0),
(10611, 2, 19, 10, 0),
(10611, 60, 34, 15, 0),
(10612, 10, 31, 70, 0),
(10612, 36, 19, 55, 0),
(10612, 49, 20, 18, 0),
(10612, 60, 34, 40, 0),
(10612, 76, 18, 80, 0),
(10613, 13, 6, 8, 0),
(10613, 75, 7, 40, 0),
(10614, 11, 21, 14, 0),
(10614, 21, 10, 8, 0),
(10614, 39, 18, 5, 0),
(10615, 55, 24, 5, 0),
(10616, 38, 263, 15, 0),
(10616, 56, 38, 14, 0),
(10616, 70, 15, 15, 0),
(10616, 71, 21, 15, 0),
(10617, 59, 55, 30, 0),
(10618, 6, 25, 70, 0),
(10618, 56, 38, 20, 0),
(10618, 68, 12, 15, 0),
(10619, 21, 10, 42, 0),
(10619, 22, 21, 40, 0),
(10620, 24, 4, 5, 0),
(10620, 52, 7, 5, 0),
(10621, 19, 9, 5, 0),
(10621, 23, 9, 10, 0),
(10621, 70, 15, 20, 0),
(10621, 71, 21, 15, 0),
(10622, 2, 19, 20, 0),
(10622, 68, 12, 18, 0),
(10623, 14, 23, 21, 0),
(10623, 19, 9, 15, 0),
(10623, 21, 10, 25, 0),
(10623, 24, 4, 3, 0),
(10623, 35, 18, 30, 0),
(10624, 28, 45, 10, 0),
(10624, 29, 123, 6, 0),
(10624, 44, 19, 10, 0),
(10625, 14, 23, 3, 0),
(10625, 42, 14, 5, 0),
(10625, 60, 34, 10, 0),
(10626, 53, 32, 12, 0),
(10626, 60, 34, 20, 0),
(10626, 71, 21, 20, 0),
(10627, 62, 49, 15, 0),
(10627, 73, 15, 35, 0),
(10628, 1, 18, 25, 0),
(10629, 29, 123, 20, 0),
(10629, 64, 33, 9, 0),
(10630, 55, 24, 12, 0),
(10630, 76, 18, 35, 0),
(10631, 75, 7, 8, 0),
(10632, 2, 19, 30, 0),
(10632, 33, 2, 20, 0),
(10633, 12, 38, 36, 0),
(10633, 13, 6, 13, 0),
(10633, 26, 31, 35, 0),
(10633, 62, 49, 80, 0),
(10634, 7, 30, 35, 0),
(10634, 18, 62, 50, 0),
(10634, 51, 53, 15, 0),
(10634, 75, 7, 2, 0),
(10635, 4, 22, 10, 0),
(10635, 5, 21, 15, 0),
(10635, 22, 21, 40, 0),
(10636, 4, 22, 25, 0),
(10636, 58, 13, 6, 0),
(10637, 11, 21, 10, 0),
(10637, 50, 16, 25, 0),
(10637, 56, 38, 60, 0),
(10638, 45, 9, 20, 0),
(10638, 65, 21, 21, 0),
(10638, 72, 34, 60, 0),
(10639, 18, 62, 8, 0),
(10640, 69, 36, 20, 0),
(10640, 70, 15, 15, 0),
(10641, 2, 19, 50, 0),
(10641, 40, 18, 60, 0),
(10642, 21, 10, 30, 0),
(10642, 61, 28, 20, 0),
(10643, 28, 45, 15, 0),
(10643, 39, 18, 21, 0),
(10643, 46, 12, 2, 0),
(10644, 18, 62, 4, 0),
(10644, 43, 46, 20, 0),
(10644, 46, 12, 21, 0),
(10645, 18, 62, 20, 0),
(10645, 36, 19, 15, 0),
(10646, 1, 18, 15, 0),
(10646, 10, 31, 18, 0),
(10646, 71, 21, 30, 0),
(10646, 77, 13, 35, 0),
(10647, 19, 9, 30, 0),
(10647, 39, 18, 20, 0),
(10648, 22, 21, 15, 0),
(10648, 24, 4, 15, 0),
(10649, 28, 45, 20, 0),
(10649, 72, 34, 15, 0),
(10650, 30, 25, 30, 0),
(10650, 53, 32, 25, 0),
(10650, 54, 7, 30, 0),
(10651, 19, 9, 12, 0),
(10651, 22, 21, 20, 0),
(10652, 30, 25, 2, 0),
(10652, 42, 14, 20, 0),
(10653, 16, 17, 30, 0),
(10653, 60, 34, 20, 0),
(10654, 4, 22, 12, 0),
(10654, 39, 18, 20, 0),
(10654, 54, 7, 6, 0),
(10655, 41, 9, 20, 0),
(10656, 14, 23, 3, 0),
(10656, 44, 19, 28, 0),
(10656, 47, 9, 6, 0),
(10657, 15, 15, 50, 0),
(10657, 41, 9, 24, 0),
(10657, 46, 12, 45, 0),
(10657, 47, 9, 10, 0),
(10657, 56, 38, 45, 0),
(10657, 60, 34, 30, 0),
(10658, 21, 10, 60, 0),
(10658, 40, 18, 70, 0),
(10658, 60, 34, 55, 0),
(10658, 77, 13, 70, 0),
(10659, 31, 12, 20, 0),
(10659, 40, 18, 24, 0),
(10659, 70, 15, 40, 0),
(10660, 20, 81, 21, 0),
(10661, 39, 18, 3, 0),
(10661, 58, 13, 49, 0),
(10662, 68, 12, 10, 0),
(10663, 40, 18, 30, 0),
(10663, 42, 14, 30, 0),
(10663, 51, 53, 20, 0),
(10664, 10, 31, 24, 0),
(10664, 56, 38, 12, 0),
(10664, 65, 21, 15, 0),
(10665, 51, 53, 20, 0),
(10665, 59, 55, 1, 0),
(10665, 76, 18, 10, 0),
(10666, 29, 123, 36, 0),
(10666, 65, 21, 10, 0),
(10667, 69, 36, 45, 0),
(10667, 71, 21, 14, 0),
(10668, 31, 12, 8, 0),
(10668, 55, 24, 4, 0),
(10668, 64, 33, 15, 0),
(10669, 36, 19, 30, 0),
(10670, 23, 9, 32, 0),
(10670, 46, 12, 60, 0),
(10670, 67, 14, 25, 0),
(10670, 73, 15, 50, 0),
(10670, 75, 7, 25, 0),
(10671, 16, 17, 10, 0),
(10671, 62, 49, 10, 0),
(10671, 65, 21, 12, 0),
(10672, 38, 263, 15, 0),
(10672, 71, 21, 12, 0),
(10673, 16, 17, 3, 0),
(10673, 42, 14, 6, 0),
(10673, 43, 46, 6, 0),
(10674, 23, 9, 5, 0),
(10675, 14, 23, 30, 0),
(10675, 53, 32, 10, 0),
(10675, 58, 13, 30, 0),
(10676, 10, 31, 2, 0),
(10676, 19, 9, 7, 0),
(10676, 44, 19, 21, 0),
(10677, 26, 31, 30, 0),
(10677, 33, 2, 8, 0),
(10678, 12, 38, 100, 0),
(10678, 33, 2, 30, 0),
(10678, 41, 9, 120, 0),
(10678, 54, 7, 30, 0),
(10679, 59, 55, 12, 0),
(10680, 16, 17, 50, 0),
(10680, 31, 12, 20, 0),
(10680, 42, 14, 40, 0),
(10681, 19, 9, 30, 0),
(10681, 21, 10, 12, 0),
(10681, 64, 33, 28, 0),
(10682, 33, 2, 30, 0),
(10682, 66, 17, 4, 0),
(10682, 75, 7, 30, 0),
(10683, 52, 7, 9, 0),
(10684, 40, 18, 20, 0),
(10684, 47, 9, 40, 0),
(10684, 60, 34, 30, 0),
(10685, 10, 31, 20, 0),
(10685, 41, 9, 4, 0),
(10685, 47, 9, 15, 0),
(10686, 17, 39, 30, 0),
(10686, 26, 31, 15, 0),
(10687, 9, 97, 50, 0),
(10687, 29, 123, 10, 0),
(10687, 36, 19, 6, 0),
(10688, 10, 31, 18, 0),
(10688, 28, 45, 60, 0),
(10688, 34, 14, 14, 0),
(10689, 1, 18, 35, 0),
(10690, 56, 38, 20, 0),
(10690, 77, 13, 30, 0),
(10691, 1, 18, 30, 0),
(10691, 29, 123, 40, 0),
(10691, 43, 46, 40, 0),
(10691, 44, 19, 24, 0),
(10691, 62, 49, 48, 0),
(10692, 63, 43, 20, 0),
(10693, 9, 97, 6, 0),
(10693, 54, 7, 60, 0),
(10693, 69, 36, 30, 0),
(10693, 73, 15, 15, 0),
(10694, 7, 30, 90, 0),
(10694, 59, 55, 25, 0),
(10694, 70, 15, 50, 0),
(10695, 8, 40, 10, 0),
(10695, 12, 38, 4, 0),
(10695, 24, 4, 20, 0),
(10696, 17, 39, 20, 0),
(10696, 46, 12, 18, 0),
(10697, 19, 9, 7, 0),
(10697, 35, 18, 9, 0),
(10697, 58, 13, 30, 0),
(10697, 70, 15, 30, 0),
(10698, 11, 21, 15, 0),
(10698, 17, 39, 8, 0),
(10698, 29, 123, 12, 0),
(10698, 65, 21, 65, 0),
(10698, 70, 15, 8, 0),
(10699, 47, 9, 12, 0),
(10700, 1, 18, 5, 0),
(10700, 34, 14, 12, 0),
(10700, 68, 12, 40, 0),
(10700, 71, 21, 60, 0),
(10701, 59, 55, 42, 0),
(10701, 71, 21, 20, 0),
(10701, 76, 18, 35, 0),
(10702, 3, 10, 6, 0),
(10702, 76, 18, 15, 0),
(10703, 2, 19, 5, 0),
(10703, 59, 55, 35, 0),
(10703, 73, 15, 35, 0),
(10704, 4, 22, 6, 0),
(10704, 24, 4, 35, 0),
(10704, 48, 12, 24, 0),
(10705, 31, 12, 20, 0),
(10705, 32, 32, 4, 0),
(10706, 16, 17, 20, 0),
(10706, 43, 46, 24, 0),
(10706, 59, 55, 8, 0),
(10707, 55, 24, 21, 0),
(10707, 57, 19, 40, 0),
(10707, 70, 15, 28, 0),
(10708, 5, 21, 4, 0),
(10708, 36, 19, 5, 0),
(10709, 8, 40, 40, 0),
(10709, 51, 53, 28, 0),
(10709, 60, 34, 10, 0),
(10710, 19, 9, 5, 0),
(10710, 47, 9, 5, 0),
(10711, 19, 9, 12, 0),
(10711, 41, 9, 42, 0),
(10711, 53, 32, 120, 0),
(10712, 53, 32, 3, 0),
(10712, 56, 38, 30, 0),
(10713, 10, 31, 18, 0),
(10713, 26, 31, 30, 0),
(10713, 45, 9, 110, 0),
(10713, 46, 12, 24, 0),
(10714, 2, 19, 30, 0),
(10714, 17, 39, 27, 0),
(10714, 47, 9, 50, 0),
(10714, 56, 38, 18, 0),
(10714, 58, 13, 12, 0),
(10715, 10, 31, 21, 0),
(10715, 71, 21, 30, 0),
(10716, 21, 10, 5, 0),
(10716, 51, 53, 7, 0),
(10716, 61, 28, 10, 0),
(10717, 21, 10, 32, 0),
(10717, 54, 7, 15, 0),
(10717, 69, 36, 25, 0),
(10718, 12, 38, 36, 0),
(10718, 16, 17, 20, 0),
(10718, 36, 19, 40, 0),
(10718, 62, 49, 20, 0),
(10719, 18, 62, 12, 0),
(10719, 30, 25, 3, 0),
(10719, 54, 7, 40, 0),
(10720, 35, 18, 21, 0),
(10720, 71, 21, 8, 0),
(10721, 44, 19, 50, 0),
(10722, 2, 19, 3, 0),
(10722, 31, 12, 50, 0),
(10722, 68, 12, 45, 0),
(10722, 75, 7, 42, 0),
(10723, 26, 31, 15, 0),
(10724, 10, 31, 16, 0),
(10724, 61, 28, 5, 0),
(10725, 41, 9, 12, 0),
(10725, 52, 7, 4, 0),
(10725, 55, 24, 6, 0),
(10726, 4, 22, 25, 0),
(10726, 11, 21, 5, 0),
(10727, 17, 39, 20, 0),
(10727, 56, 38, 10, 0),
(10727, 59, 55, 10, 0),
(10728, 30, 25, 15, 0),
(10728, 40, 18, 6, 0),
(10728, 55, 24, 12, 0),
(10728, 60, 34, 15, 0),
(10729, 1, 18, 50, 0),
(10729, 21, 10, 30, 0),
(10729, 50, 16, 40, 0),
(10730, 16, 17, 15, 0),
(10730, 31, 12, 3, 0),
(10730, 65, 21, 10, 0),
(10731, 21, 10, 40, 0),
(10731, 51, 53, 30, 0),
(10732, 76, 18, 20, 0),
(10733, 14, 23, 16, 0),
(10733, 28, 45, 20, 0),
(10733, 52, 7, 25, 0),
(10734, 6, 25, 30, 0),
(10734, 30, 25, 15, 0),
(10734, 76, 18, 20, 0),
(10735, 61, 28, 20, 0),
(10735, 77, 13, 2, 0),
(10736, 65, 21, 40, 0),
(10736, 75, 7, 20, 0),
(10737, 13, 6, 4, 0),
(10737, 41, 9, 12, 0),
(10738, 16, 17, 3, 0),
(10739, 36, 19, 6, 0),
(10739, 52, 7, 18, 0),
(10740, 28, 45, 5, 0),
(10740, 35, 18, 35, 0),
(10740, 45, 9, 40, 0),
(10740, 56, 38, 14, 0),
(10741, 2, 19, 15, 0),
(10742, 3, 10, 20, 0),
(10742, 60, 34, 50, 0),
(10742, 72, 34, 35, 0),
(10743, 46, 12, 28, 0),
(10744, 40, 18, 50, 0),
(10745, 18, 62, 24, 0),
(10745, 44, 19, 16, 0),
(10745, 59, 55, 45, 0),
(10745, 72, 34, 7, 0),
(10746, 13, 6, 6, 0),
(10746, 42, 14, 28, 0),
(10746, 62, 49, 9, 0),
(10746, 69, 36, 40, 0),
(10747, 31, 12, 8, 0),
(10747, 41, 9, 35, 0),
(10747, 63, 43, 9, 0),
(10747, 69, 36, 30, 0),
(10748, 23, 9, 44, 0),
(10748, 40, 18, 40, 0),
(10748, 56, 38, 28, 0),
(10749, 56, 38, 15, 0),
(10749, 59, 55, 6, 0),
(10749, 76, 18, 10, 0),
(10750, 14, 23, 5, 0),
(10750, 45, 9, 40, 0),
(10750, 59, 55, 25, 0),
(10751, 26, 31, 12, 0),
(10751, 30, 25, 30, 0),
(10751, 50, 16, 20, 0),
(10751, 73, 15, 15, 0),
(10752, 1, 18, 8, 0),
(10752, 69, 36, 3, 0),
(10753, 45, 9, 4, 0),
(10753, 74, 10, 5, 0),
(10754, 40, 18, 3, 0),
(10755, 47, 9, 30, 0),
(10755, 56, 38, 30, 0),
(10755, 57, 19, 14, 0),
(10755, 69, 36, 25, 0),
(10756, 18, 62, 21, 0),
(10756, 36, 19, 20, 0),
(10756, 68, 12, 6, 0),
(10756, 69, 36, 20, 0),
(10757, 34, 14, 30, 0),
(10757, 59, 55, 7, 0),
(10757, 62, 49, 30, 0),
(10757, 64, 33, 24, 0),
(10758, 26, 31, 20, 0),
(10758, 52, 7, 60, 0),
(10758, 70, 15, 40, 0),
(10759, 32, 32, 10, 0),
(10760, 25, 14, 12, 0),
(10760, 27, 43, 40, 0),
(10760, 43, 46, 30, 0),
(10761, 25, 14, 35, 0),
(10761, 75, 7, 18, 0),
(10762, 39, 18, 16, 0),
(10762, 47, 9, 30, 0),
(10762, 51, 53, 28, 0),
(10762, 56, 38, 60, 0),
(10763, 21, 10, 40, 0),
(10763, 22, 21, 6, 0),
(10763, 24, 4, 20, 0),
(10764, 3, 10, 20, 0),
(10764, 39, 18, 130, 0),
(10765, 65, 21, 80, 0),
(10766, 2, 19, 40, 0),
(10766, 7, 30, 35, 0),
(10766, 68, 12, 40, 0),
(10767, 42, 14, 2, 0),
(10768, 22, 21, 4, 0),
(10768, 31, 12, 50, 0),
(10768, 60, 34, 15, 0),
(10768, 71, 21, 12, 0),
(10769, 41, 9, 30, 0),
(10769, 52, 7, 15, 0),
(10769, 61, 28, 20, 0),
(10769, 62, 49, 15, 0),
(10770, 11, 21, 15, 0),
(10771, 71, 21, 16, 0),
(10772, 29, 123, 18, 0),
(10772, 59, 55, 25, 0),
(10773, 17, 39, 33, 0),
(10773, 31, 12, 70, 0),
(10773, 75, 7, 7, 0),
(10774, 31, 12, 2, 0),
(10774, 66, 17, 50, 0),
(10775, 10, 31, 6, 0),
(10775, 67, 14, 3, 0),
(10776, 31, 12, 16, 0),
(10776, 42, 14, 12, 0),
(10776, 45, 9, 27, 0),
(10776, 51, 53, 120, 0),
(10777, 42, 14, 20, 0),
(10778, 41, 9, 10, 0),
(10779, 16, 17, 20, 0),
(10779, 62, 49, 20, 0),
(10780, 70, 15, 35, 0),
(10780, 77, 13, 15, 0),
(10781, 54, 7, 3, 0),
(10781, 56, 38, 20, 0),
(10781, 74, 10, 35, 0),
(10782, 31, 12, 1, 0),
(10783, 31, 12, 10, 0),
(10783, 38, 263, 5, 0),
(10784, 36, 19, 30, 0),
(10784, 39, 18, 2, 0),
(10784, 72, 34, 30, 0),
(10785, 10, 31, 10, 0),
(10785, 75, 7, 10, 0),
(10786, 8, 40, 30, 0),
(10786, 30, 25, 15, 0),
(10786, 75, 7, 42, 0),
(10787, 2, 19, 15, 0),
(10787, 29, 123, 20, 0),
(10788, 19, 9, 50, 0),
(10788, 75, 7, 40, 0),
(10789, 18, 62, 30, 0),
(10789, 35, 18, 15, 0),
(10789, 63, 43, 30, 0),
(10789, 68, 12, 18, 0),
(10790, 7, 30, 3, 0),
(10790, 56, 38, 20, 0),
(10791, 29, 123, 14, 0),
(10791, 41, 9, 20, 0),
(10792, 2, 19, 10, 0),
(10792, 54, 7, 3, 0),
(10792, 68, 12, 15, 0),
(10793, 41, 9, 14, 0),
(10793, 52, 7, 8, 0),
(10794, 14, 23, 15, 0),
(10794, 54, 7, 6, 0),
(10795, 16, 17, 65, 0),
(10795, 17, 39, 35, 0),
(10796, 26, 31, 21, 0),
(10796, 44, 19, 10, 0),
(10796, 64, 33, 35, 0),
(10796, 69, 36, 24, 0),
(10797, 11, 21, 20, 0),
(10798, 62, 49, 2, 0),
(10798, 72, 34, 10, 0),
(10799, 13, 6, 20, 0),
(10799, 24, 4, 20, 0),
(10799, 59, 55, 25, 0),
(10800, 11, 21, 50, 0),
(10800, 51, 53, 10, 0),
(10800, 54, 7, 7, 0),
(10801, 17, 39, 40, 0),
(10801, 29, 123, 20, 0),
(10802, 30, 25, 25, 0),
(10802, 51, 53, 30, 0),
(10802, 55, 24, 60, 0),
(10802, 62, 49, 5, 0),
(10803, 19, 9, 24, 0),
(10803, 25, 14, 15, 0),
(10803, 59, 55, 15, 0),
(10804, 10, 31, 36, 0),
(10804, 28, 45, 24, 0),
(10804, 49, 20, 4, 0),
(10805, 34, 14, 10, 0),
(10805, 38, 263, 10, 0),
(10806, 2, 19, 20, 0),
(10806, 65, 21, 2, 0),
(10806, 74, 10, 15, 0),
(10807, 40, 18, 1, 0),
(10808, 56, 38, 20, 0),
(10808, 76, 18, 50, 0),
(10809, 52, 7, 20, 0),
(10810, 13, 6, 7, 0),
(10810, 25, 14, 5, 0),
(10810, 70, 15, 5, 0),
(10811, 19, 9, 15, 0),
(10811, 23, 9, 18, 0),
(10811, 40, 18, 30, 0),
(10812, 31, 12, 16, 0),
(10812, 72, 34, 40, 0),
(10812, 77, 13, 20, 0),
(10813, 2, 19, 12, 0),
(10813, 46, 12, 35, 0),
(10814, 41, 9, 20, 0),
(10814, 43, 46, 20, 0),
(10814, 48, 12, 8, 0),
(10814, 61, 28, 30, 0),
(10815, 33, 2, 16, 0),
(10816, 38, 263, 30, 0),
(10816, 62, 49, 20, 0),
(10817, 26, 31, 40, 0),
(10817, 38, 263, 30, 0),
(10817, 40, 18, 60, 0),
(10817, 62, 49, 25, 0),
(10818, 32, 32, 20, 0),
(10818, 41, 9, 20, 0),
(10819, 43, 46, 7, 0),
(10819, 75, 7, 20, 0),
(10820, 56, 38, 30, 0),
(10821, 35, 18, 20, 0),
(10821, 51, 53, 6, 0),
(10822, 62, 49, 3, 0),
(10822, 70, 15, 6, 0),
(10823, 11, 21, 20, 0),
(10823, 57, 19, 15, 0),
(10823, 59, 55, 40, 0),
(10823, 77, 13, 15, 0),
(10824, 41, 9, 12, 0),
(10824, 70, 15, 9, 0),
(10825, 26, 31, 12, 0),
(10825, 53, 32, 20, 0),
(10826, 31, 12, 35, 0),
(10826, 57, 19, 15, 0),
(10827, 10, 31, 15, 0),
(10827, 39, 18, 21, 0),
(10828, 20, 81, 5, 0),
(10828, 38, 263, 2, 0),
(10829, 2, 19, 10, 0),
(10829, 8, 40, 20, 0),
(10829, 13, 6, 10, 0),
(10829, 60, 34, 21, 0),
(10830, 6, 25, 6, 0),
(10830, 39, 18, 28, 0),
(10830, 60, 34, 30, 0),
(10830, 68, 12, 24, 0),
(10831, 19, 9, 2, 0),
(10831, 35, 18, 8, 0),
(10831, 38, 263, 8, 0),
(10831, 43, 46, 9, 0),
(10832, 13, 6, 3, 0),
(10832, 25, 14, 10, 0),
(10832, 44, 19, 16, 0),
(10832, 64, 33, 3, 0),
(10833, 7, 30, 20, 0),
(10833, 31, 12, 9, 0),
(10833, 53, 32, 9, 0),
(10834, 29, 123, 8, 0),
(10834, 30, 25, 20, 0),
(10835, 59, 55, 15, 0),
(10835, 77, 13, 2, 0),
(10836, 22, 21, 52, 0),
(10836, 35, 18, 6, 0),
(10836, 57, 19, 24, 0),
(10836, 60, 34, 60, 0),
(10836, 64, 33, 30, 0),
(10837, 13, 6, 6, 0),
(10837, 40, 18, 25, 0),
(10837, 47, 9, 40, 0),
(10837, 76, 18, 21, 0),
(10838, 1, 18, 4, 0),
(10838, 18, 62, 25, 0),
(10838, 36, 19, 50, 0),
(10839, 58, 13, 30, 0),
(10839, 72, 34, 15, 0),
(10840, 25, 14, 6, 0),
(10840, 39, 18, 10, 0),
(10841, 10, 31, 16, 0),
(10841, 56, 38, 30, 0),
(10841, 59, 55, 50, 0),
(10841, 77, 13, 15, 0),
(10842, 11, 21, 15, 0),
(10842, 43, 46, 5, 0),
(10842, 68, 12, 20, 0),
(10842, 70, 15, 12, 0),
(10843, 51, 53, 4, 0),
(10844, 22, 21, 35, 0),
(10845, 23, 9, 70, 0),
(10845, 35, 18, 25, 0),
(10845, 42, 14, 42, 0),
(10845, 58, 13, 60, 0),
(10845, 64, 33, 48, 0),
(10846, 4, 22, 21, 0),
(10846, 70, 15, 30, 0),
(10846, 74, 10, 20, 0),
(10847, 1, 18, 80, 0),
(10847, 19, 9, 12, 0),
(10847, 37, 26, 60, 0),
(10847, 45, 9, 36, 0),
(10847, 60, 34, 45, 0),
(10847, 71, 21, 55, 0),
(10848, 5, 21, 30, 0),
(10848, 9, 97, 3, 0),
(10849, 3, 10, 49, 0),
(10849, 26, 31, 18, 0),
(10850, 25, 14, 20, 0),
(10850, 33, 2, 4, 0),
(10850, 70, 15, 30, 0),
(10851, 2, 19, 5, 0),
(10851, 25, 14, 10, 0),
(10851, 57, 19, 10, 0),
(10851, 59, 55, 42, 0),
(10852, 2, 19, 15, 0),
(10852, 17, 39, 6, 0),
(10852, 62, 49, 50, 0),
(10853, 18, 62, 10, 0),
(10854, 10, 31, 100, 0),
(10854, 13, 6, 65, 0),
(10855, 16, 17, 50, 0),
(10855, 31, 12, 14, 0),
(10855, 56, 38, 24, 0),
(10855, 65, 21, 15, 0),
(10856, 2, 19, 20, 0),
(10856, 42, 14, 20, 0),
(10857, 3, 10, 30, 0),
(10857, 26, 31, 35, 0),
(10857, 29, 123, 10, 0),
(10858, 7, 30, 5, 0),
(10858, 27, 43, 10, 0),
(10858, 70, 15, 4, 0),
(10859, 24, 4, 40, 0),
(10859, 54, 7, 35, 0),
(10859, 64, 33, 30, 0),
(10860, 51, 53, 3, 0),
(10860, 76, 18, 20, 0),
(10861, 17, 39, 42, 0),
(10861, 18, 62, 20, 0),
(10861, 21, 10, 40, 0),
(10861, 33, 2, 35, 0),
(10861, 62, 49, 3, 0),
(10862, 11, 21, 25, 0),
(10862, 52, 7, 8, 0),
(10863, 1, 18, 20, 0),
(10863, 58, 13, 12, 0),
(10864, 35, 18, 4, 0),
(10864, 67, 14, 15, 0),
(10865, 38, 263, 60, 0),
(10865, 39, 18, 80, 0),
(10866, 2, 19, 21, 0),
(10866, 24, 4, 6, 0),
(10866, 30, 25, 40, 0),
(10867, 53, 32, 3, 0),
(10868, 26, 31, 20, 0),
(10868, 35, 18, 30, 0),
(10868, 49, 20, 42, 0),
(10869, 1, 18, 40, 0),
(10869, 11, 21, 10, 0),
(10869, 23, 9, 50, 0),
(10869, 68, 12, 20, 0),
(10870, 35, 18, 3, 0),
(10870, 51, 53, 2, 0),
(10871, 6, 25, 50, 0),
(10871, 16, 17, 12, 0),
(10871, 17, 39, 16, 0),
(10872, 55, 24, 10, 0),
(10872, 62, 49, 20, 0),
(10872, 64, 33, 15, 0),
(10872, 65, 21, 21, 0),
(10873, 21, 10, 20, 0),
(10873, 28, 45, 3, 0),
(10874, 10, 31, 10, 0),
(10875, 19, 9, 25, 0),
(10875, 47, 9, 21, 0),
(10875, 49, 20, 15, 0),
(10876, 46, 12, 21, 0),
(10876, 64, 33, 20, 0),
(10877, 16, 17, 30, 0),
(10877, 18, 62, 25, 0),
(10878, 20, 81, 20, 0),
(10879, 40, 18, 12, 0),
(10879, 65, 21, 10, 0),
(10879, 76, 18, 10, 0),
(10880, 23, 9, 30, 0),
(10880, 61, 28, 30, 0),
(10880, 70, 15, 50, 0),
(10881, 73, 15, 10, 0),
(10882, 42, 14, 25, 0),
(10882, 49, 20, 20, 0),
(10882, 54, 7, 32, 0),
(10883, 24, 4, 8, 0),
(10884, 21, 10, 40, 0),
(10884, 56, 38, 21, 0),
(10884, 65, 21, 12, 0),
(10885, 2, 19, 20, 0),
(10885, 24, 4, 12, 0),
(10885, 70, 15, 30, 0),
(10885, 77, 13, 25, 0),
(10886, 10, 31, 70, 0),
(10886, 31, 12, 35, 0),
(10886, 77, 13, 40, 0),
(10887, 25, 14, 5, 0),
(10888, 2, 19, 20, 0),
(10888, 68, 12, 18, 0),
(10889, 11, 21, 40, 0),
(10889, 38, 263, 40, 0),
(10890, 17, 39, 15, 0),
(10890, 34, 14, 10, 0),
(10890, 41, 9, 14, 0),
(10891, 30, 25, 15, 0),
(10892, 59, 55, 40, 0),
(10893, 8, 40, 30, 0),
(10893, 24, 4, 10, 0),
(10893, 29, 123, 24, 0),
(10893, 30, 25, 35, 0),
(10893, 36, 19, 20, 0),
(10894, 13, 6, 28, 0),
(10894, 69, 36, 50, 0),
(10894, 75, 7, 120, 0),
(10895, 24, 4, 110, 0),
(10895, 39, 18, 45, 0),
(10895, 40, 18, 91, 0),
(10895, 60, 34, 100, 0),
(10896, 45, 9, 15, 0),
(10896, 56, 38, 16, 0),
(10897, 29, 123, 80, 0),
(10897, 30, 25, 36, 0),
(10898, 13, 6, 5, 0),
(10899, 39, 18, 8, 0),
(10900, 70, 15, 3, 0),
(10901, 41, 9, 30, 0),
(10901, 71, 21, 30, 0),
(10902, 55, 24, 30, 0),
(10902, 62, 49, 6, 0),
(10903, 13, 6, 40, 0),
(10903, 65, 21, 21, 0),
(10903, 68, 12, 20, 0),
(10904, 58, 13, 15, 0),
(10904, 62, 49, 35, 0),
(10905, 1, 18, 20, 0),
(10906, 61, 28, 15, 0),
(10907, 75, 7, 14, 0),
(10908, 7, 30, 20, 0),
(10908, 52, 7, 14, 0),
(10909, 7, 30, 12, 0),
(10909, 16, 17, 15, 0),
(10909, 41, 9, 5, 0),
(10910, 19, 9, 12, 0),
(10910, 49, 20, 10, 0),
(10910, 61, 28, 5, 0),
(10911, 1, 18, 10, 0),
(10911, 17, 39, 12, 0),
(10911, 67, 14, 15, 0),
(10912, 11, 21, 40, 0),
(10912, 29, 123, 60, 0),
(10913, 4, 22, 30, 0),
(10913, 33, 2, 40, 0),
(10913, 58, 13, 15, 0),
(10914, 71, 21, 25, 0),
(10915, 17, 39, 10, 0),
(10915, 33, 2, 30, 0),
(10915, 54, 7, 10, 0),
(10916, 16, 17, 6, 0),
(10916, 32, 32, 6, 0),
(10916, 57, 19, 20, 0),
(10917, 30, 25, 1, 0),
(10917, 60, 34, 10, 0),
(10918, 1, 18, 60, 0),
(10918, 60, 34, 25, 0),
(10919, 16, 17, 24, 0),
(10919, 25, 14, 24, 0),
(10919, 40, 18, 20, 0),
(10920, 50, 16, 24, 0),
(10921, 35, 18, 10, 0),
(10921, 63, 43, 40, 0),
(10922, 17, 39, 15, 0),
(10922, 24, 4, 35, 0),
(10923, 42, 14, 10, 0),
(10923, 43, 46, 10, 0),
(10923, 67, 14, 24, 0),
(10924, 10, 31, 20, 0),
(10924, 28, 45, 30, 0),
(10924, 75, 7, 6, 0),
(10925, 36, 19, 25, 0),
(10925, 52, 7, 12, 0),
(10926, 11, 21, 2, 0),
(10926, 13, 6, 10, 0),
(10926, 19, 9, 7, 0),
(10926, 72, 34, 10, 0),
(10927, 20, 81, 5, 0),
(10927, 52, 7, 5, 0),
(10927, 76, 18, 20, 0),
(10928, 47, 9, 5, 0),
(10928, 76, 18, 5, 0),
(10929, 21, 10, 60, 0),
(10929, 75, 7, 49, 0),
(10929, 77, 13, 15, 0),
(10930, 21, 10, 36, 0),
(10930, 27, 43, 25, 0),
(10930, 55, 24, 25, 0),
(10930, 58, 13, 30, 0),
(10931, 13, 6, 42, 0),
(10931, 57, 19, 30, 0),
(10932, 16, 17, 30, 0),
(10932, 62, 49, 14, 0),
(10932, 72, 34, 16, 0),
(10932, 75, 7, 20, 0),
(10933, 53, 32, 2, 0),
(10933, 61, 28, 30, 0),
(10934, 6, 25, 20, 0),
(10935, 1, 18, 21, 0),
(10935, 18, 62, 4, 0),
(10935, 23, 9, 8, 0),
(10936, 36, 19, 30, 0),
(10937, 28, 45, 8, 0),
(10937, 34, 14, 20, 0),
(10938, 13, 6, 20, 0),
(10938, 43, 46, 24, 0),
(10938, 60, 34, 49, 0),
(10938, 71, 21, 35, 0),
(10939, 2, 19, 10, 0),
(10939, 67, 14, 40, 0),
(10940, 7, 30, 8, 0),
(10940, 13, 6, 20, 0),
(10941, 31, 12, 44, 0),
(10941, 62, 49, 30, 0),
(10941, 68, 12, 80, 0),
(10941, 72, 34, 50, 0),
(10942, 49, 20, 28, 0),
(10943, 13, 6, 15, 0),
(10943, 22, 21, 21, 0),
(10943, 46, 12, 15, 0),
(10944, 11, 21, 5, 0),
(10944, 44, 19, 18, 0),
(10944, 56, 38, 18, 0),
(10945, 13, 6, 20, 0),
(10945, 31, 12, 10, 0),
(10946, 10, 31, 25, 0),
(10946, 24, 4, 25, 0),
(10946, 77, 13, 40, 0),
(10947, 59, 55, 4, 0),
(10948, 50, 16, 9, 0),
(10948, 51, 53, 40, 0),
(10948, 55, 24, 4, 0),
(10949, 6, 25, 12, 0),
(10949, 10, 31, 30, 0),
(10949, 17, 39, 6, 0),
(10949, 62, 49, 60, 0),
(10950, 4, 22, 5, 0),
(10951, 33, 2, 15, 0),
(10951, 41, 9, 6, 0),
(10951, 75, 7, 50, 0),
(10952, 6, 25, 16, 0),
(10952, 28, 45, 2, 0),
(10953, 20, 81, 50, 0),
(10953, 31, 12, 50, 0),
(10954, 16, 17, 28, 0),
(10954, 31, 12, 25, 0),
(10954, 45, 9, 30, 0),
(10954, 60, 34, 24, 0),
(10955, 75, 7, 12, 0),
(10956, 21, 10, 12, 0),
(10956, 47, 9, 14, 0),
(10956, 51, 53, 8, 0),
(10957, 30, 25, 30, 0),
(10957, 35, 18, 40, 0),
(10957, 64, 33, 8, 0),
(10958, 5, 21, 20, 0),
(10958, 7, 30, 6, 0),
(10958, 72, 34, 5, 0),
(10959, 75, 7, 20, 0),
(10960, 24, 4, 10, 0),
(10960, 41, 9, 24, 0),
(10961, 52, 7, 6, 0),
(10961, 76, 18, 60, 0),
(10962, 7, 30, 45, 0),
(10962, 13, 6, 77, 0),
(10962, 53, 32, 20, 0),
(10962, 69, 36, 9, 0),
(10962, 76, 18, 44, 0),
(10963, 60, 34, 2, 0),
(10964, 18, 62, 6, 0),
(10964, 38, 263, 5, 0),
(10964, 69, 36, 10, 0),
(10965, 51, 53, 16, 0),
(10966, 37, 26, 8, 0),
(10966, 56, 38, 12, 0),
(10966, 62, 49, 12, 0),
(10967, 19, 9, 12, 0),
(10967, 49, 20, 40, 0),
(10968, 12, 38, 30, 0),
(10968, 24, 4, 30, 0),
(10968, 64, 33, 4, 0),
(10969, 46, 12, 9, 0),
(10970, 52, 7, 40, 0),
(10971, 29, 123, 14, 0),
(10972, 17, 39, 6, 0),
(10972, 33, 2, 7, 0),
(10973, 26, 31, 5, 0),
(10973, 41, 9, 6, 0),
(10973, 75, 7, 10, 0),
(10974, 63, 43, 10, 0),
(10975, 8, 40, 16, 0),
(10975, 75, 7, 10, 0),
(10976, 28, 45, 20, 0),
(10977, 39, 18, 30, 0),
(10977, 47, 9, 30, 0),
(10977, 51, 53, 10, 0),
(10977, 63, 43, 20, 0),
(10978, 8, 40, 20, 0),
(10978, 21, 10, 40, 0),
(10978, 40, 18, 10, 0),
(10978, 44, 19, 6, 0),
(10979, 7, 30, 18, 0),
(10979, 12, 38, 20, 0),
(10979, 24, 4, 80, 0),
(10979, 27, 43, 30, 0),
(10979, 31, 12, 24, 0),
(10979, 63, 43, 35, 0),
(10980, 75, 7, 40, 0),
(10981, 38, 263, 60, 0),
(10982, 7, 30, 20, 0),
(10982, 43, 46, 9, 0),
(10983, 13, 6, 84, 0),
(10983, 57, 19, 15, 0),
(10984, 16, 17, 55, 0),
(10984, 24, 4, 20, 0),
(10984, 36, 19, 40, 0),
(10985, 16, 17, 36, 0),
(10985, 18, 62, 8, 0),
(10985, 32, 32, 35, 0),
(10986, 11, 21, 30, 0),
(10986, 20, 81, 15, 0),
(10986, 76, 18, 10, 0),
(10986, 77, 13, 15, 0),
(10987, 7, 30, 60, 0),
(10987, 43, 46, 6, 0),
(10987, 72, 34, 20, 0),
(10988, 7, 30, 60, 0),
(10988, 62, 49, 40, 0),
(10989, 6, 25, 40, 0),
(10989, 11, 21, 15, 0),
(10989, 41, 9, 4, 0),
(10990, 21, 10, 65, 0),
(10990, 34, 14, 60, 0),
(10990, 55, 24, 65, 0),
(10990, 61, 28, 66, 0),
(10991, 2, 19, 50, 0),
(10991, 70, 15, 20, 0),
(10991, 76, 18, 90, 0),
(10992, 72, 34, 2, 0),
(10993, 29, 123, 50, 0),
(10993, 41, 9, 35, 0),
(10994, 59, 55, 18, 0),
(10995, 51, 53, 20, 0),
(10995, 60, 34, 4, 0),
(10996, 42, 14, 40, 0),
(10997, 32, 32, 50, 0),
(10997, 46, 12, 20, 0),
(10997, 52, 7, 20, 0),
(10998, 24, 4, 12, 0),
(10998, 61, 28, 7, 0),
(10998, 74, 10, 20, 0),
(10998, 75, 7, 30, 0),
(10999, 41, 9, 20, 0),
(10999, 51, 53, 15, 0),
(10999, 77, 13, 21, 0),
(11000, 4, 22, 25, 0),
(11000, 24, 4, 30, 0),
(11000, 77, 13, 30, 0),
(11001, 7, 30, 60, 0),
(11001, 22, 21, 25, 0),
(11001, 46, 12, 25, 0),
(11001, 55, 24, 6, 0),
(11002, 13, 6, 56, 0),
(11002, 35, 18, 15, 0),
(11002, 42, 14, 24, 0),
(11002, 55, 24, 40, 0),
(11003, 1, 18, 4, 0),
(11003, 40, 18, 10, 0),
(11003, 52, 7, 10, 0),
(11004, 26, 31, 6, 0),
(11004, 76, 18, 6, 0),
(11005, 1, 18, 2, 0),
(11005, 59, 55, 10, 0),
(11006, 1, 18, 8, 0),
(11006, 29, 123, 2, 0),
(11007, 8, 40, 30, 0),
(11007, 29, 123, 10, 0),
(11007, 42, 14, 14, 0),
(11008, 28, 45, 70, 0),
(11008, 34, 14, 90, 0),
(11008, 71, 21, 21, 0),
(11009, 24, 4, 12, 0),
(11009, 36, 19, 18, 0),
(11009, 60, 34, 9, 0),
(11010, 7, 30, 20, 0),
(11010, 24, 4, 10, 0),
(11011, 58, 13, 40, 0),
(11011, 71, 21, 20, 0),
(11012, 19, 9, 50, 0),
(11012, 60, 34, 36, 0),
(11012, 71, 21, 60, 0),
(11013, 23, 9, 10, 0),
(11013, 42, 14, 4, 0),
(11013, 45, 9, 20, 0),
(11013, 68, 12, 2, 0),
(11014, 41, 9, 28, 0),
(11015, 30, 25, 15, 0),
(11015, 77, 13, 18, 0),
(11016, 31, 12, 15, 0),
(11016, 36, 19, 16, 0),
(11017, 3, 10, 25, 0),
(11017, 59, 55, 110, 0),
(11017, 70, 15, 30, 0),
(11018, 12, 38, 20, 0),
(11018, 18, 62, 10, 0),
(11018, 56, 38, 5, 0),
(11019, 46, 12, 3, 0),
(11019, 49, 20, 2, 0),
(11020, 10, 31, 24, 0),
(11021, 2, 19, 11, 0),
(11021, 20, 81, 15, 0),
(11021, 26, 31, 63, 0),
(11021, 51, 53, 44, 0),
(11021, 72, 34, 35, 0),
(11022, 19, 9, 35, 0),
(11022, 69, 36, 30, 0),
(11023, 7, 30, 4, 0),
(11023, 43, 46, 30, 0),
(11024, 26, 31, 12, 0),
(11024, 33, 2, 30, 0),
(11024, 65, 21, 21, 0),
(11024, 71, 21, 50, 0),
(11025, 1, 18, 10, 0),
(11025, 13, 6, 20, 0),
(11026, 18, 62, 8, 0),
(11026, 51, 53, 10, 0),
(11027, 24, 4, 30, 0),
(11027, 62, 49, 21, 0),
(11028, 55, 24, 35, 0),
(11028, 59, 55, 24, 0),
(11029, 56, 38, 20, 0),
(11029, 63, 43, 12, 0),
(11030, 2, 19, 100, 0),
(11030, 5, 21, 70, 0),
(11030, 29, 123, 60, 0),
(11030, 59, 55, 100, 0),
(11031, 1, 18, 45, 0),
(11031, 13, 6, 80, 0),
(11031, 24, 4, 21, 0),
(11031, 64, 33, 20, 0),
(11031, 71, 21, 16, 0),
(11032, 36, 19, 35, 0),
(11032, 38, 263, 25, 0),
(11032, 59, 55, 30, 0),
(11033, 53, 32, 70, 0),
(11033, 69, 36, 36, 0),
(11034, 21, 10, 15, 0),
(11034, 44, 19, 12, 0),
(11034, 61, 28, 6, 0),
(11035, 1, 18, 10, 0),
(11035, 35, 18, 60, 0),
(11035, 42, 14, 30, 0),
(11035, 54, 7, 10, 0),
(11036, 13, 6, 7, 0),
(11036, 59, 55, 30, 0),
(11037, 70, 15, 4, 0),
(11038, 40, 18, 5, 0),
(11038, 52, 7, 2, 0),
(11038, 71, 21, 30, 0),
(11039, 28, 45, 20, 0),
(11039, 35, 18, 24, 0),
(11039, 49, 20, 60, 0),
(11039, 57, 19, 28, 0),
(11040, 21, 10, 20, 0),
(11041, 2, 19, 30, 0),
(11041, 63, 43, 30, 0),
(11042, 44, 19, 15, 0),
(11042, 61, 28, 4, 0),
(11043, 11, 21, 10, 0),
(11044, 62, 49, 12, 0),
(11045, 33, 2, 15, 0),
(11045, 51, 53, 24, 0),
(11046, 12, 38, 20, 0),
(11046, 32, 32, 15, 0),
(11046, 35, 18, 18, 0),
(11047, 1, 18, 25, 0),
(11047, 5, 21, 30, 0),
(11048, 68, 12, 42, 0),
(11049, 2, 19, 10, 0),
(11049, 12, 38, 4, 0),
(11050, 76, 18, 50, 0),
(11051, 24, 4, 10, 0),
(11052, 43, 46, 30, 0),
(11052, 61, 28, 10, 0),
(11053, 18, 62, 35, 0),
(11053, 32, 32, 20, 0),
(11053, 64, 33, 25, 0),
(11054, 33, 2, 10, 0),
(11054, 67, 14, 20, 0),
(11055, 24, 4, 15, 0),
(11055, 25, 14, 15, 0),
(11055, 51, 53, 20, 0),
(11055, 57, 19, 20, 0),
(11056, 7, 30, 40, 0),
(11056, 55, 24, 35, 0),
(11056, 60, 34, 50, 0),
(11057, 70, 15, 3, 0),
(11058, 21, 10, 3, 0),
(11058, 60, 34, 21, 0),
(11058, 61, 28, 4, 0),
(11059, 13, 6, 30, 0),
(11059, 17, 39, 12, 0),
(11059, 60, 34, 35, 0),
(11060, 60, 34, 4, 0),
(11060, 77, 13, 10, 0),
(11061, 60, 34, 15, 0),
(11062, 53, 32, 10, 0),
(11062, 70, 15, 12, 0),
(11063, 34, 14, 30, 0),
(11063, 40, 18, 40, 0),
(11063, 41, 9, 30, 0),
(11064, 17, 39, 77, 0),
(11064, 41, 9, 12, 0),
(11064, 53, 32, 25, 0),
(11064, 55, 24, 4, 0),
(11064, 68, 12, 55, 0),
(11065, 30, 25, 4, 0),
(11065, 54, 7, 20, 0),
(11066, 16, 17, 3, 0),
(11066, 19, 9, 42, 0),
(11066, 34, 14, 35, 0),
(11067, 41, 9, 9, 0),
(11068, 28, 45, 8, 0),
(11068, 43, 46, 36, 0),
(11068, 77, 13, 28, 0),
(11069, 39, 18, 20, 0),
(11070, 1, 18, 40, 0),
(11070, 2, 19, 20, 0),
(11070, 16, 17, 30, 0),
(11070, 31, 12, 20, 0),
(11071, 7, 30, 15, 0),
(11071, 13, 6, 10, 0),
(11072, 2, 19, 8, 0),
(11072, 41, 9, 40, 0),
(11072, 50, 16, 22, 0),
(11072, 64, 33, 130, 0),
(11073, 11, 21, 10, 0),
(11073, 24, 4, 20, 0),
(11074, 16, 17, 14, 0),
(11075, 2, 19, 10, 0),
(11075, 46, 12, 30, 0),
(11075, 76, 18, 2, 0),
(11076, 6, 25, 20, 0),
(11076, 14, 23, 20, 0),
(11076, 19, 9, 10, 0),
(11077, 2, 19, 24, 0),
(11077, 3, 10, 4, 0),
(11077, 4, 22, 1, 0),
(11077, 6, 25, 1, 0),
(11077, 7, 30, 1, 0),
(11077, 8, 40, 2, 0),
(11077, 10, 31, 1, 0),
(11077, 12, 38, 2, 0),
(11077, 13, 6, 4, 0),
(11077, 14, 23, 1, 0),
(11077, 16, 17, 2, 0),
(11077, 20, 81, 1, 0),
(11077, 23, 9, 2, 0),
(11077, 32, 32, 1, 0),
(11077, 39, 18, 2, 0),
(11077, 41, 9, 3, 0),
(11077, 46, 12, 3, 0),
(11077, 52, 7, 2, 0),
(11077, 55, 24, 2, 0),
(11077, 60, 34, 2, 0),
(11077, 64, 33, 2, 0),
(11077, 66, 17, 1, 0),
(11077, 73, 15, 2, 0),
(11077, 75, 7, 4, 0),
(11077, 77, 13, 2, 0);

-- --------------------------------------------------------

--
-- Estructura de tabla para la tabla `distrito`
--

CREATE TABLE `distrito` (
  `IDE_DIS` int(11) NOT NULL,
  `NOM_DIS` varchar(50) NOT NULL
) ENGINE=InnoDB DEFAULT CHARSET=utf8mb4 COLLATE=utf8mb4_general_ci;

--
-- Volcado de datos para la tabla `distrito`
--

INSERT INTO `distrito` (`IDE_DIS`, `NOM_DIS`) VALUES
(1, 'LIMA'),
(2, 'RIMAC'),
(3, 'ATE'),
(4, 'SAN MIGUEL');

-- --------------------------------------------------------

--
-- Estructura de tabla para la tabla `empleado`
--

CREATE TABLE `empleado` (
  `IDE_EMP` int(11) NOT NULL,
  `APE_EMP` varchar(50) NOT NULL,
  `NOM_EMP` varchar(50) NOT NULL,
  `FNA_EMP` date NOT NULL,
  `DIR_EMP` varchar(60) NOT NULL,
  `IDE_DIS` int(11) DEFAULT NULL,
  `FON_EMP` varchar(15) DEFAULT NULL,
  `IDE_CAR` int(11) DEFAULT NULL,
  `FCO_EMP` date NOT NULL
) ENGINE=InnoDB DEFAULT CHARSET=utf8mb4 COLLATE=utf8mb4_general_ci;

--
-- Volcado de datos para la tabla `empleado`
--

INSERT INTO `empleado` (`IDE_EMP`, `APE_EMP`, `NOM_EMP`, `FNA_EMP`, `DIR_EMP`, `IDE_DIS`, `FON_EMP`, `IDE_CAR`, `FCO_EMP`) VALUES
(1, 'DAVOLIO', 'NANCY', '1968-12-08', 'CALLE LAS MAGNOLIAS 123', 2, '6573344', 4, '2017-02-10'),
(2, 'FULLER', 'ANDREW', '1952-02-19', 'AV ABANCAY 234', 1, '98788766', 1, '2018-02-09'),
(3, 'LEVERLING', 'JANET', '1963-08-30', 'AV. RIVA AGUERO 233', 4, '5664555', 3, '2018-03-10'),
(4, 'PEACOCK', 'MARGARET', '1958-09-19', 'CALLE LAS FLORES 411', 2, '980523344', 1, '2018-03-11'),
(5, 'BUCHANAN', 'STEVEN', '1955-03-04', 'AV. BRASIL 222', 3, '6776566', 3, '2018-04-05'),
(6, 'SUYAMA', 'MICHAEL', '1963-07-02', 'CALLE ZAFIRO 344', 1, '8997877', 4, '2018-04-10'),
(7, 'KING', 'ROBERT', '1960-05-29', 'JR PUNI 322', 1, '99876677', 2, '2018-05-04'),
(8, 'CALLAHAN', 'LAURA', '1958-01-09', 'DINTHILAC 123', 2, '90098999', 4, '2018-06-10'),
(9, 'DODSWORTH', 'ANNE', '1969-07-02', 'AV LOS FRESNOS 2334', 3, '98877888', 1, '2018-07-10'),
(10, 'JULCA ORTIZ', 'LUIS ALONSO', '2010-11-18', 'MZK9LT2A', 2, '916376561', 2, '2010-11-18'),
(11, 'julca', 'karina', '1990-05-10', 'LIMA', 1, '916376561', 2, '2020-05-10'),
(12, 'RUIZ', 'ELIANA', '1990-10-25', 'AV CALLE DURA', 2, '98562147', 4, '2020-05-25'),
(13, 'JULCA ORTIZ', 'LUIS ALONSO', '1996-05-16', 'ESMERAL DE LOS ANDES ', 1, '916376561', 2, '2020-05-16'),
(14, 'ORTIZ', 'ZEPELIN', '2020-05-10', 'LIMA SJL', 1, '979876546', 2, '2020-05-11'),
(15, 'JULCA', 'KARINA', '1990-08-10', 'LIMA', 3, '949879456', 3, '1991-05-10'),
(16, 'ORTIZ', 'MAGDALENA', '1966-05-15', 'LIMA SJL', 1, '981664897', 2, '1970-05-19');

-- --------------------------------------------------------

--
-- Estructura de tabla para la tabla `pais`
--

CREATE TABLE `pais` (
  `IDE_PAI` int(11) NOT NULL,
  `NOM_PAI` varchar(40) NOT NULL
) ENGINE=InnoDB DEFAULT CHARSET=utf8mb4 COLLATE=utf8mb4_general_ci;

--
-- Volcado de datos para la tabla `pais`
--

INSERT INTO `pais` (`IDE_PAI`, `NOM_PAI`) VALUES
(1, 'PERU'),
(2, 'ARGENTINA'),
(3, 'CHILE'),
(4, 'USA'),
(5, 'ESPAÑA'),
(6, 'FRANCIA'),
(7, 'COLOMBIA'),
(8, 'CANADA'),
(9, 'CHINA');

-- --------------------------------------------------------

--
-- Estructura de tabla para la tabla `pedido`
--

CREATE TABLE `pedido` (
  `IDE_PED` int(11) NOT NULL,
  `IDE_CLI` int(11) DEFAULT NULL,
  `IDE_EMP` int(11) DEFAULT NULL,
  `FEC_PED` date NOT NULL,
  `FEN_PED` date DEFAULT NULL,
  `FEE_PED` date DEFAULT NULL,
  `ENV_PED` char(1) DEFAULT '0',
  `CAN_PED` int(11) DEFAULT NULL,
  `DES_PED` varchar(40) DEFAULT NULL,
  `DDE_PED` varchar(60) DEFAULT NULL,
  `CDE_PED` varchar(60) DEFAULT NULL,
  `REF_PED` varchar(60) DEFAULT NULL,
  `DEP_PED` varchar(60) DEFAULT NULL,
  `PAI_PED` varchar(60) DEFAULT NULL
) ENGINE=InnoDB DEFAULT CHARSET=utf8mb4 COLLATE=utf8mb4_general_ci;

--
-- Volcado de datos para la tabla `pedido`
--

INSERT INTO `pedido` (`IDE_PED`, `IDE_CLI`, `IDE_EMP`, `FEC_PED`, `FEN_PED`, `FEE_PED`, `ENV_PED`, `CAN_PED`, `DES_PED`, `DDE_PED`, `CDE_PED`, `REF_PED`, `DEP_PED`, `PAI_PED`) VALUES
(10248, 90, 5, '2015-07-04', '2015-08-01', '2015-07-16', '1', 32, 'WILMAN KALA', 'KESKUSKATU 45', 'HELSINKI', '', '21240', 'FINLANDIA'),
(10249, 79, 6, '2015-07-05', '2015-08-16', '2015-07-10', '1', 11, 'TOMS SPEZIALITÄTEN', 'LUISENSTR. 48', 'MÜNSTER', '', '44087', 'ALEMANIA'),
(10250, 34, 4, '2015-07-08', '2015-08-05', '2015-07-12', '1', 65, 'I CARNES', 'RUA DO PAÇO, 67', 'RIO DE JANEIRO', 'RJ', '05454-876', 'BRASIL'),
(10251, 84, 3, '2015-07-08', '2015-08-05', '2015-07-15', '1', 41, 'VICTUAILLES EN STOCK', '2, RUE DU COMMERCE', 'LYON', '', '69004', 'FRANCIA'),
(10252, 76, 4, '2015-07-09', '2015-08-06', '2015-07-11', '1', 51, 'SUPRÊMES DELICES', 'BOULEVARD TIROU, 255', 'CHARLEROI', '', 'B-6000', 'BELGICA'),
(10253, 34, 3, '2015-07-10', '2015-07-24', '2015-07-16', '1', 58, 'I CARNES', 'RUA DO PAÇO, 67', 'RIO DE JANEIRO', 'RJ', '05454-876', 'BRASIL'),
(10254, 14, 5, '2015-07-11', '2015-08-08', '2015-07-23', '1', 22, 'CHOP-SUEY CHINESE', 'HAUPTSTR. 31', 'BERN', '', '3012', 'SUIZA'),
(10255, 68, 9, '2015-07-12', '2015-08-09', '2015-07-15', '1', 148, 'RICHTER SUPERMARKT', 'STARENWEG 5', 'GENÈVE', '', '1204', 'SUIZA'),
(10256, 88, 3, '2015-07-15', '2015-08-12', '2015-07-17', '1', 13, 'NGTON IMPORTADORA', 'RUA DO MERCADO, 12', 'RESENDE', 'SP', '08737-363', 'BRASIL'),
(10257, 35, 4, '2015-07-16', '2015-08-13', '2015-07-22', '1', 81, 'HILARION-ABASTOS', 'CARRERA 22 CON AVE. CARLOS SOUBLETTE #8-35', 'SAN CRISTOBAL', 'TACHIRA', '5022', 'VENEZUELA'),
(10258, 20, 1, '2015-07-17', '2015-08-14', '2015-07-23', '1', 140, 'ERNST HANDEL', 'KIRCHGASSE 6', 'GRAZ', '', '8010', 'AUSTRIA'),
(10259, 13, 4, '2015-07-18', '2015-08-15', '2015-07-25', '1', 3, 'CENTRO COMERCIAL MOCTEZUMA', 'SIERRAS DE GRANADA 9993', 'MEXICO D.F.', '', '05022', 'MEXICO'),
(10260, 56, 4, '2015-07-19', '2015-08-16', '2015-07-29', '1', 55, 'OTTILIES KÄSELADEN', 'MEHRHEIMERSTR. 369', 'KÖLN', '', '50739', 'ALEMANIA'),
(10261, 61, 4, '2015-07-19', '2015-08-16', '2015-07-30', '1', 3, 'QUE DELICIA', 'RUA DA PANIFICADORA, 12', 'RIO DE JANEIRO', 'RJ', '02389-673', 'BRASIL'),
(10262, 65, 8, '2015-07-22', '2015-08-19', '2015-07-25', '1', 48, 'RATTLESNAKE CANYON GROCERY', '2817 MILTON DR.', 'ALBUQUERQUE', 'NM', '87110', 'ESTADOS UNIDOS'),
(10263, 20, 9, '2015-07-23', '2015-08-20', '2015-07-31', '1', 146, 'ERNST HANDEL', 'KIRCHGASSE 6', 'GRAZ', '', '8010', 'AUSTRIA'),
(10264, 24, 6, '2015-07-24', '2015-08-21', '2015-08-23', '1', 3, 'FOLK OCH FÄ HB', 'ÅKERGATAN 24', 'BRÄCKE', '', 'S-844 67', 'SUECIA'),
(10265, 7, 2, '2015-07-25', '2015-08-22', '2015-08-12', '1', 55, 'BLONDEL PÈRE ET FILS', '24, PLACE KLEBER', 'STRASBOURG', '', '67000', 'FRANCIA'),
(10266, 87, 3, '2015-07-26', '2015-09-06', '2015-07-31', '1', 25, 'WARTIAN HERKKU', 'TORIKATU 38', 'OULU', '', '90110', 'FINLANDIA'),
(10267, 25, 4, '2015-07-29', '2015-08-26', '2015-08-06', '1', 208, 'ENVERSAND', 'BERLINER PLATZ 43', 'MÜNCHEN', '', '80805', 'ALEMANIA'),
(10268, 33, 8, '2015-07-30', '2015-08-27', '2015-08-02', '1', 66, 'GROSELLA-RESTAURANTE', '5ª AVE. LOS PALOS GRANDES', 'CARACAS', 'DF', '1081', 'VENEZUELA'),
(10269, 89, 5, '2015-07-31', '2015-08-14', '2015-08-09', '1', 4, 'WHITE CLOVER MARKETS', '1029 - 12TH AVE. S.', 'SEATTLE', 'WA', '98124', 'ESTADOS UNIDOS'),
(10270, 87, 1, '2015-08-01', '2015-08-29', '2015-08-02', '1', 136, 'WARTIAN HERKKU', 'TORIKATU 38', 'OULU', '', '90110', 'FINLANDIA'),
(10271, 75, 6, '2015-08-01', '2015-08-29', '2015-08-30', '1', 4, 'SPLIT RAIL BEER & ALE', 'P.O. BOX 555', 'LANDER', 'WY', '82520', 'ESTADOS UNIDOS'),
(10272, 65, 6, '2015-08-02', '2015-08-30', '2015-08-06', '1', 98, 'RATTLESNAKE CANYON GROCERY', '2817 MILTON DR.', 'ALBUQUERQUE', 'NM', '87110', 'ESTADOS UNIDOS'),
(10273, 63, 3, '2015-08-05', '2015-09-02', '2015-08-12', '1', 76, 'STOP', 'TAUCHERSTRAßE 10', 'CUNEWALDE', '', '01307', 'ALEMANIA'),
(10274, 85, 6, '2015-08-06', '2015-09-03', '2015-08-16', '1', 6, 'VINS ET ALCOOLS CHEVALIER', '59 RUE DE LABBAYE', 'REIMS', '', '51100', 'FRANCIA'),
(10275, 49, 1, '2015-08-07', '2015-09-04', '2015-08-09', '1', 26, 'MAGAZZINI ALIMENTARI RIUNITI', 'VIA LUDOVICO IL MORO 22', 'BERGAMO', '', '24100', 'ITALIA'),
(10276, 80, 8, '2015-08-08', '2015-08-22', '2015-08-14', '1', 13, 'GA RESTAURANTE', 'AVDA. AZTECA 123', 'MEXICO D.F.', '', '05033', 'MEXICO'),
(10277, 52, 2, '2015-08-09', '2015-09-06', '2015-08-13', '1', 125, 'MORGENSTERN GESUNDKOST', 'HEERSTR. 22', 'LEIPZIG', '', '04179', 'ALEMANIA'),
(10278, 5, 8, '2015-08-12', '2015-09-09', '2015-08-16', '1', 92, 'BERGLUNDS SNABBKÖP', 'BERGUVSVÄGEN  8', 'LULEÅ', '', 'S-958 22', 'SUECIA'),
(10279, 44, 8, '2015-08-13', '2015-09-10', '2015-08-16', '1', 25, 'LEHMANNS MARKTSTAND', 'MAGAZINWEG 7', '25FURT A.M.', '', '60528', 'ALEMANIA'),
(10280, 5, 2, '2015-08-14', '2015-09-11', '2015-09-12', '1', 8, 'BERGLUNDS SNABBKÖP', 'BERGUVSVÄGEN  8', 'LULEÅ', '', 'S-958 22', 'SUECIA'),
(10281, 69, 4, '2015-08-14', '2015-08-28', '2015-08-21', '1', 2, 'ROMERO Y TOMILLO', 'GRAN VIA, 1', 'MADRID', '', '28001', 'ESPAÑA'),
(10282, 69, 4, '2015-08-15', '2015-09-12', '2015-08-21', '1', 12, 'ROMERO Y TOMILLO', 'GRAN VIA, 1', 'MADRID', '', '28001', 'ESPAÑA'),
(10283, 46, 3, '2015-08-16', '2015-09-13', '2015-08-23', '1', 84, 'LILA-SUPERMERCADO', 'CARRERA 52 CON AVE. BOLIVAR #65-98 LLANO LARGO', 'BARQUISIMETO', 'LARA', '3508', 'VENEZUELA'),
(10284, 44, 4, '2015-08-19', '2015-09-16', '2015-08-27', '1', 76, 'LEHMANNS MARKTSTAND', 'MAGAZINWEG 7', '25FURT A.M.', '', '60528', 'ALEMANIA'),
(10285, 63, 1, '2015-08-20', '2015-09-17', '2015-08-26', '1', 76, 'STOP', 'TAUCHERSTRAßE 10', 'CUNEWALDE', '', '01307', 'ALEMANIA'),
(10286, 63, 8, '2015-08-21', '2015-09-18', '2015-08-30', '1', 229, 'STOP', 'TAUCHERSTRAßE 10', 'CUNEWALDE', '', '01307', 'ALEMANIA'),
(10287, 67, 8, '2015-08-22', '2015-09-19', '2015-08-28', '1', 12, 'DO ADOCICADOS', 'AV. COPACABANA, 267', 'RIO DE JANEIRO', 'RJ', '02389-890', 'BRASIL'),
(10288, 66, 4, '2015-08-23', '2015-09-20', '2015-09-03', '1', 7, 'REGGIANI CASEIFICI', 'STRADA PROVINCIALE 124', 'REGGIO EMILIA', '', '42100', 'ITALIA'),
(10289, 11, 7, '2015-08-26', '2015-09-23', '2015-08-28', '1', 22, 'BS BEVERAGES', 'FAUNTLEROY CIRCUS', 'LONDON', '', 'EC2 5NT', 'REINO UNIDO'),
(10290, 15, 8, '2015-08-27', '2015-09-24', '2015-09-03', '1', 79, 'COMERCIO MINEIRO', 'AV. DOS LUSIADAS, 23', 'SÃO PAULO', 'SP', '05432-043', 'BRASIL'),
(10291, 61, 6, '2015-08-27', '2015-09-24', '2015-09-04', '1', 6, 'QUE DELICIA', 'RUA DA PANIFICADORA, 12', 'RIO DE JANEIRO', 'RJ', '02389-673', 'BRASIL'),
(10292, 81, 1, '2015-08-28', '2015-09-25', '2015-09-02', '1', 1, 'TRADIÇÃO HIPERMERCADOS', 'AV. INÊS DE CASTRO, 414', 'SÃO PAULO', 'SP', '05634-030', 'BRASIL'),
(10293, 80, 1, '2015-08-29', '2015-09-26', '2015-09-11', '1', 21, 'GA RESTAURANTE', 'AVDA. AZTECA 123', 'MEXICO D.F.', '', '05033', 'MEXICO'),
(10294, 65, 4, '2015-08-30', '2015-09-27', '2015-09-05', '1', 147, 'RATTLESNAKE CANYON GROCERY', '2817 MILTON DR.', 'ALBUQUERQUE', 'NM', '87110', 'ESTADOS UNIDOS'),
(10295, 85, 2, '2015-09-02', '2015-09-30', '2015-09-10', '1', 1, 'VINS ET ALCOOLS CHEVALIER', '59 RUE DE LABBAYE', 'REIMS', '', '51100', 'FRANCIA'),
(10296, 46, 6, '2015-09-03', '2015-10-01', '2015-09-11', '1', 0, 'LILA-SUPERMERCADO', 'CARRERA 52 CON AVE. BOLIVAR #65-98 LLANO LARGO', 'BARQUISIMETO', 'LARA', '3508', 'VENEZUELA'),
(10297, 7, 5, '2015-09-04', '2015-10-16', '2015-09-10', '1', 5, 'BLONDEL PÈRE ET FILS', '24, PLACE KLEBER', 'STRASBOURG', '', '67000', 'FRANCIA'),
(10298, 37, 6, '2015-09-05', '2015-10-03', '2015-09-11', '1', 168, 'HUNGRY OWL ALL-NIGHT GROCERS', '8 JOHNSTOWN ROAD', 'CORK', 'CO. CORK', '', 'IRLANDA'),
(10299, 67, 4, '2015-09-06', '2015-10-04', '2015-09-13', '1', 29, 'DO ADOCICADOS', 'AV. COPACABANA, 267', 'RIO DE JANEIRO', 'RJ', '02389-890', 'BRASIL'),
(10300, 49, 2, '2015-09-09', '2015-10-07', '2015-09-18', '1', 17, 'MAGAZZINI ALIMENTARI RIUNITI', 'VIA LUDOVICO IL MORO 22', 'BERGAMO', '', '24100', 'ITALIA'),
(10301, 86, 8, '2015-09-09', '2015-10-07', '2015-09-17', '1', 45, 'DIE WANDERNDE KUH', 'ADENAUERALLEE 900', 'STUTTGART', '', '70563', 'ALEMANIA'),
(10302, 76, 4, '2015-09-10', '2015-10-08', '2015-10-09', '1', 6, 'SUPRÊMES DELICES', 'BOULEVARD TIROU, 255', 'CHARLEROI', '', 'B-6000', 'BELGICA'),
(10303, 30, 7, '2015-09-11', '2015-10-09', '2015-09-18', '1', 107, 'COCINA TIPICA', 'C/ ROMERO, 33', 'SEVILLA', '', '41101', 'ESPAÑA'),
(10304, 80, 1, '2015-09-12', '2015-10-10', '2015-09-17', '1', 63, 'GA RESTAURANTE', 'AVDA. AZTECA 123', 'MEXICO D.F.', '', '05033', 'MEXICO'),
(10305, 55, 8, '2015-09-13', '2015-10-11', '2015-10-09', '1', 257, 'OLD WORLD DELICATESSEN', '2743 BERING ST.', 'ANCHORAGE', 'AK', '99508', 'ESTADOS UNIDOS'),
(10306, 69, 1, '2015-09-16', '2015-10-14', '2015-09-23', '1', 7, 'ROMERO Y TOMILLO', 'GRAN VIA, 1', 'MADRID', '', '28001', 'ESPAÑA'),
(10307, 48, 2, '2015-09-17', '2015-10-15', '2015-09-25', '1', 0, 'LONESOME PINE RESTAURANT', '89 CHIAROSCURO RD.', 'PORTLAND', 'OR', '97219', 'ESTADOS UNIDOS'),
(10308, 2, 7, '2015-09-18', '2015-10-16', '2015-09-24', '1', 1, 'ANA TRUJILLO EMPAREDADOS Y HELADOS', 'AVDA. DE LA CONSTITUCION 2222', 'MEXICO D.F.', '', '05021', 'MEXICO'),
(10309, 37, 3, '2015-09-19', '2015-10-17', '2015-10-23', '1', 47, 'HUNGRY OWL ALL-NIGHT GROCERS', '8 JOHNSTOWN ROAD', 'CORK', 'CO. CORK', '', 'IRLANDA'),
(10310, 77, 8, '2015-09-20', '2015-10-18', '2015-09-27', '1', 17, 'THE BIG CHEESE', '89 JEFFERSON WAYRNSUITE 2', 'PORTLAND', 'OR', '97201', 'ESTADOS UNIDOS'),
(10311, 18, 1, '2015-09-20', '2015-10-04', '2015-09-26', '1', 24, 'DU MONDE ENTIER', '67, RUE DES CINQUANTE OTAGES', 'NANTES', '', '44000', 'FRANCIA'),
(10312, 86, 2, '2015-09-23', '2015-10-21', '2015-10-03', '1', 40, 'DIE WANDERNDE KUH', 'ADENAUERALLEE 900', 'STUTTGART', '', '70563', 'ALEMANIA'),
(10313, 63, 2, '2015-09-24', '2015-10-22', '2015-10-04', '1', 1, 'STOP', 'TAUCHERSTRAßE 10', 'CUNEWALDE', '', '01307', 'ALEMANIA'),
(10314, 65, 1, '2015-09-25', '2015-10-23', '2015-10-04', '1', 74, 'RATTLESNAKE CANYON GROCERY', '2817 MILTON DR.', 'ALBUQUERQUE', 'NM', '87110', 'ESTADOS UNIDOS'),
(10315, 38, 4, '2015-09-26', '2015-10-24', '2015-10-03', '1', 41, 'ISLAND TRADING', 'GARDEN HOUSERNCROWTHER WAY', 'COWES', 'ISLE OF WIGHT', 'PO31 7PJ', 'REINO UNIDO'),
(10316, 65, 1, '2015-09-27', '2015-10-25', '2015-10-08', '1', 150, 'RATTLESNAKE CANYON GROCERY', '2817 MILTON DR.', 'ALBUQUERQUE', 'NM', '87110', 'ESTADOS UNIDOS'),
(10317, 48, 6, '2015-09-30', '2015-10-28', '2015-10-10', '1', 12, 'LONESOME PINE RESTAURANT', '89 CHIAROSCURO RD.', 'PORTLAND', 'OR', '97219', 'ESTADOS UNIDOS'),
(10318, 38, 8, '2015-10-01', '2015-10-29', '2015-10-04', '1', 4, 'ISLAND TRADING', 'GARDEN HOUSERNCROWTHER WAY', 'COWES', 'ISLE OF WIGHT', 'PO31 7PJ', 'REINO UNIDO'),
(10319, 80, 7, '2015-10-02', '2015-10-30', '2015-10-11', '1', 64, 'GA RESTAURANTE', 'AVDA. AZTECA 123', 'MEXICO D.F.', '', '05033', 'MEXICO'),
(10320, 87, 5, '2015-10-03', '2015-10-17', '2015-10-18', '1', 34, 'WARTIAN HERKKU', 'TORIKATU 38', 'OULU', '', '90110', 'FINLANDIA'),
(10321, 38, 3, '2015-10-03', '2015-10-31', '2015-10-11', '1', 3, 'ISLAND TRADING', 'GARDEN HOUSERNCROWTHER WAY', 'COWES', 'ISLE OF WIGHT', 'PO31 7PJ', 'REINO UNIDO'),
(10322, 58, 7, '2015-10-04', '2015-11-01', '2015-10-23', '1', 0, 'LES COMIDAS CLASICAS', 'CALLE DR. JORGE CASH 321', 'MEXICO D.F.', '', '05033', 'MEXICO'),
(10323, 39, 4, '2015-10-07', '2015-11-04', '2015-10-14', '1', 4, 'KÖNIGLICH ESSEN', 'MAUBELSTR. 90', 'BRANDENBURG', '', '14776', 'ALEMANIA'),
(10324, 71, 9, '2015-10-08', '2015-11-05', '2015-10-10', '1', 214, 'SAVE-A-LOT MARKETS', '187 SUFFOLK LN.', 'BOISE', 'ID', '83720', 'ESTADOS UNIDOS'),
(10325, 39, 1, '2015-10-09', '2015-10-23', '2015-10-14', '1', 64, 'KÖNIGLICH ESSEN', 'MAUBELSTR. 90', 'BRANDENBURG', '', '14776', 'ALEMANIA'),
(10326, 8, 4, '2015-10-10', '2015-11-07', '2015-10-14', '1', 77, 'O COMIDAS PREPARADAS', 'C/ ARAQUIL, 67', 'MADRID', '', '28023', 'ESPAÑA'),
(10327, 24, 2, '2015-10-11', '2015-11-08', '2015-10-14', '1', 63, 'FOLK OCH FÄ HB', 'ÅKERGATAN 24', 'BRÄCKE', '', 'S-844 67', 'SUECIA'),
(10328, 28, 4, '2015-10-14', '2015-11-11', '2015-10-17', '1', 87, 'FURIA BACALHAU E FRUTOS DO MAR', 'JARDIM DAS ROSAS N. 32', 'LISBOA', '', '1675', 'PORTUGAL'),
(10329, 75, 4, '2015-10-15', '2015-11-26', '2015-10-23', '1', 191, 'SPLIT RAIL BEER & ALE', 'P.O. BOX 555', 'LANDER', 'WY', '82520', 'ESTADOS UNIDOS'),
(10330, 46, 3, '2015-10-16', '2015-11-13', '2015-10-28', '1', 12, 'LILA-SUPERMERCADO', 'CARRERA 52 CON AVE. BOLIVAR #65-98 LLANO LARGO', 'BARQUISIMETO', 'LARA', '3508', 'VENEZUELA'),
(10331, 9, 9, '2015-10-16', '2015-11-27', '2015-10-21', '1', 10, 'BON APP', '12, RUE DES BOUCHERS', 'MARSEILLE', '', '13008', 'FRANCIA'),
(10332, 51, 3, '2015-10-17', '2015-11-28', '2015-10-21', '1', 52, 'MÈRE PAILLARDE', '43 RUE ST. LAURENT', 'MONTREAL', 'QUEBEC', 'H1J 1C3', 'CANADA'),
(10333, 87, 5, '2015-10-18', '2015-11-15', '2015-10-25', '1', 0, 'WARTIAN HERKKU', 'TORIKATU 38', 'OULU', '', '90110', 'FINLANDIA'),
(10334, 84, 8, '2015-10-21', '2015-11-18', '2015-10-28', '1', 8, 'VICTUAILLES EN STOCK', '2, RUE DU COMMERCE', 'LYON', '', '69004', 'FRANCIA'),
(10335, 37, 7, '2015-10-22', '2015-11-19', '2015-10-24', '1', 42, 'HUNGRY OWL ALL-NIGHT GROCERS', '8 JOHNSTOWN ROAD', 'CORK', 'CO. CORK', '', 'IRLANDA'),
(10336, 60, 7, '2015-10-23', '2015-11-20', '2015-10-25', '1', 15, 'PRINCESA ISABEL VINHOS', 'ESTRADA DA SAÚDE N. 58', 'LISBOA', '', '1756', 'PORTUGAL'),
(10337, 25, 4, '2015-10-24', '2015-11-21', '2015-10-29', '1', 108, 'ENVERSAND', 'BERLINER PLATZ 43', 'MÜNCHEN', '', '80805', 'ALEMANIA'),
(10338, 55, 4, '2015-10-25', '2015-11-22', '2015-10-29', '1', 84, 'OLD WORLD DELICATESSEN', '2743 BERING ST.', 'ANCHORAGE', 'AK', '99508', 'ESTADOS UNIDOS'),
(10339, 51, 2, '2015-10-28', '2015-11-25', '2015-11-04', '1', 15, 'MÈRE PAILLARDE', '43 RUE ST. LAURENT', 'MONTREAL', 'QUEBEC', 'H1J 1C3', 'CANADA'),
(10340, 9, 1, '2015-10-29', '2015-11-26', '2015-11-08', '1', 166, 'BON APP', '12, RUE DES BOUCHERS', 'MARSEILLE', '', '13008', 'FRANCIA'),
(10341, 73, 7, '2015-10-29', '2015-11-26', '2015-11-05', '1', 26, 'SIMONS BISTRO', 'VINBÆLTET 34', 'KØBENHAVN', '', '1734', 'DINAMARCA'),
(10342, 25, 4, '2015-10-30', '2015-11-13', '2015-11-04', '1', 54, 'ENVERSAND', 'BERLINER PLATZ 43', 'MÜNCHEN', '', '80805', 'ALEMANIA'),
(10343, 44, 4, '2015-10-31', '2015-11-28', '2015-11-06', '1', 110, 'LEHMANNS MARKTSTAND', 'MAGAZINWEG 7', '25FURT A.M.', '', '60528', 'ALEMANIA'),
(10344, 89, 4, '2015-11-01', '2015-11-29', '2015-11-05', '1', 23, 'WHITE CLOVER MARKETS', '1029 - 12TH AVE. S.', 'SEATTLE', 'WA', '98124', 'ESTADOS UNIDOS'),
(10345, 63, 2, '2015-11-04', '2015-12-02', '2015-11-11', '1', 249, 'STOP', 'TAUCHERSTRAßE 10', 'CUNEWALDE', '', '01307', 'ALEMANIA'),
(10346, 65, 3, '2015-11-05', '2015-12-17', '2015-11-08', '1', 142, 'RATTLESNAKE CANYON GROCERY', '2817 MILTON DR.', 'ALBUQUERQUE', 'NM', '87110', 'ESTADOS UNIDOS'),
(10347, 21, 4, '2015-11-06', '2015-12-04', '2015-11-08', '1', 3, 'FAMILIA ARQUIBALDO', 'RUA OROS, 92', 'SÃO PAULO', 'SP', '05442-030', 'BRASIL'),
(10348, 86, 4, '2015-11-07', '2015-12-05', '2015-11-15', '1', 0, 'DIE WANDERNDE KUH', 'ADENAUERALLEE 900', 'STUTTGART', '', '70563', 'ALEMANIA'),
(10349, 75, 7, '2015-11-08', '2015-12-06', '2015-11-15', '1', 8, 'SPLIT RAIL BEER & ALE', 'P.O. BOX 555', 'LANDER', 'WY', '82520', 'ESTADOS UNIDOS'),
(10350, 41, 6, '2015-11-11', '2015-12-09', '2015-12-03', '1', 64, 'LA MAISON DASIE', '1 RUE ALSACE-LORRAINE', 'TOULOUSE', '', '31000', 'FRANCIA'),
(10351, 20, 1, '2015-11-11', '2015-12-09', '2015-11-20', '1', 162, 'ERNST HANDEL', 'KIRCHGASSE 6', 'GRAZ', '', '8010', 'AUSTRIA'),
(10352, 28, 3, '2015-11-12', '2015-11-26', '2015-11-18', '1', 1, 'FURIA BACALHAU E FRUTOS DO MAR', 'JARDIM DAS ROSAS N. 32', 'LISBOA', '', '1675', 'PORTUGAL'),
(10353, 59, 7, '2015-11-13', '2015-12-11', '2015-11-25', '1', 360, 'LO UND MEHR', 'GEISLWEG 14', 'SALZBURG', '', '5020', 'AUSTRIA'),
(10354, 58, 8, '2015-11-14', '2015-12-12', '2015-11-20', '1', 53, 'LES COMIDAS CLASICAS', 'CALLE DR. JORGE CASH 321', 'MEXICO D.F.', '', '05033', 'MEXICO'),
(10355, 4, 6, '2015-11-15', '2015-12-13', '2015-11-20', '1', 41, 'AROUND THE HORN', 'BROOK FARMRNSTRATFORD ST. MARY', 'COLCHESTER', 'ESSEX', 'CO7 6JX', 'REINO UNIDO'),
(10356, 86, 6, '2015-11-18', '2015-12-16', '2015-11-27', '1', 36, 'DIE WANDERNDE KUH', 'ADENAUERALLEE 900', 'STUTTGART', '', '70563', 'ALEMANIA'),
(10357, 46, 1, '2015-11-19', '2015-12-17', '2015-12-02', '1', 34, 'LILA-SUPERMERCADO', 'CARRERA 52 CON AVE. BOLIVAR #65-98 LLANO LARGO', 'BARQUISIMETO', 'LARA', '3508', 'VENEZUELA'),
(10358, 41, 5, '2015-11-20', '2015-12-18', '2015-11-27', '1', 19, 'LA MAISON DASIE', '1 RUE ALSACE-LORRAINE', 'TOULOUSE', '', '31000', 'FRANCIA'),
(10359, 72, 5, '2015-11-21', '2015-12-19', '2015-11-26', '1', 288, 'SEVEN SEAS IMPORTS', '90 WADHURST RD.', 'LONDON', '', 'OX15 4NB', 'REINO UNIDO'),
(10360, 7, 4, '2015-11-22', '2015-12-20', '2015-12-02', '1', 131, 'BLONDEL PÈRE ET FILS', '24, PLACE KLEBER', 'STRASBOURG', '', '67000', 'FRANCIA'),
(10361, 63, 1, '2015-11-22', '2015-12-20', '2015-12-03', '1', 183, 'STOP', 'TAUCHERSTRAßE 10', 'CUNEWALDE', '', '01307', 'ALEMANIA'),
(10362, 9, 3, '2015-11-25', '2015-12-23', '2015-11-28', '1', 96, 'BON APP', '12, RUE DES BOUCHERS', 'MARSEILLE', '', '13008', 'FRANCIA'),
(10363, 17, 4, '2015-11-26', '2015-12-24', '2015-12-04', '1', 30, 'DRACHENBLUT DELIKATESSEN', 'WALSERWEG 21', 'AACHEN', '', '52066', 'ALEMANIA'),
(10364, 19, 1, '2015-11-26', '2016-01-07', '2015-12-04', '1', 71, 'EASTERN CONNECTION', '35 KING GEORGE', 'LONDON', '', 'WX3 6FW', 'REINO UNIDO'),
(10365, 3, 3, '2015-11-27', '2015-12-25', '2015-12-02', '1', 22, 'IO MORENO TAQUERIA', 'MATADEROS  2312', 'MEXICO D.F.', '', '05023', 'MEXICO'),
(10366, 29, 8, '2015-11-28', '2016-01-09', '2015-12-30', '1', 10, 'GALERIA DEL GASTRONOMO', 'RAMBLA DE CATALUÑA, 23', 'BARCELONA', '', '8022', 'ESPAÑA'),
(10367, 83, 7, '2015-11-28', '2015-12-26', '2015-12-02', '1', 13, 'LJERNET', 'SMAGSLØGET 45', 'ÅRHUS', '', '8200', 'DINAMARCA'),
(10368, 20, 2, '2015-11-29', '2015-12-27', '2015-12-02', '1', 101, 'ERNST HANDEL', 'KIRCHGASSE 6', 'GRAZ', '', '8010', 'AUSTRIA'),
(10369, 75, 8, '2015-12-02', '2015-12-30', '2015-12-09', '1', 195, 'SPLIT RAIL BEER & ALE', 'P.O. BOX 555', 'LANDER', 'WY', '82520', 'ESTADOS UNIDOS'),
(10370, 14, 6, '2015-12-03', '2015-12-31', '2015-12-27', '1', 1, 'CHOP-SUEY CHINESE', 'HAUPTSTR. 31', 'BERN', '', '3012', 'SUIZA'),
(10371, 41, 1, '2015-12-03', '2015-12-31', '2015-12-24', '1', 0, 'LA MAISON DASIE', '1 RUE ALSACE-LORRAINE', 'TOULOUSE', '', '31000', 'FRANCIA'),
(10372, 62, 5, '2015-12-04', '2016-01-01', '2015-12-09', '1', 890, 'COZINHA', 'ALAMEDA DOS CANÀRIOS, 891', 'SÃO PAULO', 'SP', '05487-020', 'BRASIL'),
(10373, 37, 4, '2015-12-05', '2016-01-02', '2015-12-11', '1', 124, 'HUNGRY OWL ALL-NIGHT GROCERS', '8 JOHNSTOWN ROAD', 'CORK', 'CO. CORK', '', 'IRLANDA'),
(10374, 91, 1, '2015-12-05', '2016-01-02', '2015-12-09', '1', 3, 'WOLSKI ZAJAZD', 'UL. FILTROWA 68', 'WARSZAWA', '', '01-012', 'POLONIA'),
(10375, 36, 3, '2015-12-06', '2016-01-03', '2015-12-09', '1', 20, 'HUNGRY COYOTE IMPORT STORE', 'CITY CENTER PLAZARN516 MAIN ST.', 'ELGIN', 'OR', '97827', 'ESTADOS UNIDOS'),
(10376, 51, 1, '2015-12-09', '2016-01-06', '2015-12-13', '1', 20, 'MÈRE PAILLARDE', '43 RUE ST. LAURENT', 'MONTREAL', 'QUEBEC', 'H1J 1C3', 'CANADA'),
(10377, 72, 1, '2015-12-09', '2016-01-06', '2015-12-13', '1', 22, 'SEVEN SEAS IMPORTS', '90 WADHURST RD.', 'LONDON', '', 'OX15 4NB', 'REINO UNIDO'),
(10378, 24, 5, '2015-12-10', '2016-01-07', '2015-12-19', '1', 5, 'FOLK OCH FÄ HB', 'ÅKERGATAN 24', 'BRÄCKE', '', 'S-844 67', 'SUECIA'),
(10379, 61, 2, '2015-12-11', '2016-01-08', '2015-12-13', '1', 45, 'QUE DELICIA', 'RUA DA PANIFICADORA, 12', 'RIO DE JANEIRO', 'RJ', '02389-673', 'BRASIL'),
(10380, 37, 8, '2015-12-12', '2016-01-09', '2016-01-16', '1', 35, 'HUNGRY OWL ALL-NIGHT GROCERS', '8 JOHNSTOWN ROAD', 'CORK', 'CO. CORK', '', 'IRLANDA'),
(10381, 46, 3, '2015-12-12', '2016-01-09', '2015-12-13', '1', 7, 'LILA-SUPERMERCADO', 'CARRERA 52 CON AVE. BOLIVAR #65-98 LLANO LARGO', 'BARQUISIMETO', 'LARA', '3508', 'VENEZUELA'),
(10382, 20, 4, '2015-12-13', '2016-01-10', '2015-12-16', '1', 94, 'ERNST HANDEL', 'KIRCHGASSE 6', 'GRAZ', '', '8010', 'AUSTRIA'),
(10383, 4, 8, '2015-12-16', '2016-01-13', '2015-12-18', '1', 34, 'AROUND THE HORN', 'BROOK FARMRNSTRATFORD ST. MARY', 'COLCHESTER', 'ESSEX', 'CO7 6JX', 'REINO UNIDO'),
(10384, 5, 3, '2015-12-16', '2016-01-13', '2015-12-20', '1', 168, 'BERGLUNDS SNABBKÖP', 'BERGUVSVÄGEN  8', 'LULEÅ', '', 'S-958 22', 'SUECIA'),
(10385, 75, 1, '2015-12-17', '2016-01-14', '2015-12-23', '1', 30, 'SPLIT RAIL BEER & ALE', 'P.O. BOX 555', 'LANDER', 'WY', '82520', 'ESTADOS UNIDOS'),
(10386, 21, 9, '2015-12-18', '2016-01-01', '2015-12-25', '1', 13, 'FAMILIA ARQUIBALDO', 'RUA OROS, 92', 'SÃO PAULO', 'SP', '05442-030', 'BRASIL'),
(10387, 70, 1, '2015-12-18', '2016-01-15', '2015-12-20', '1', 93, 'SANTE GOURMET', 'ERLING SKAKKES GATE 78', 'STAVERN', '', '4110', 'NORUEGA'),
(10388, 72, 2, '2015-12-19', '2016-01-16', '2015-12-20', '1', 34, 'SEVEN SEAS IMPORTS', '90 WADHURST RD.', 'LONDON', '', 'OX15 4NB', 'REINO UNIDO'),
(10389, 10, 4, '2015-12-20', '2016-01-17', '2015-12-24', '1', 47, 'BOTTOM-DOLLAR MARKETS', '23 TSAWASSEN BLVD.', 'TSAWASSEN', 'BC', 'T2F 8M4', 'CANADA'),
(10390, 20, 6, '2015-12-23', '2016-01-20', '2015-12-26', '1', 126, 'ERNST HANDEL', 'KIRCHGASSE 6', 'GRAZ', '', '8010', 'AUSTRIA'),
(10391, 17, 3, '2015-12-23', '2016-01-20', '2015-12-31', '1', 5, 'DRACHENBLUT DELIKATESSEN', 'WALSERWEG 21', 'AACHEN', '', '52066', 'ALEMANIA'),
(10392, 59, 2, '2015-12-24', '2016-01-21', '2016-01-01', '1', 122, 'LO UND MEHR', 'GEISLWEG 14', 'SALZBURG', '', '5020', 'AUSTRIA'),
(10393, 71, 1, '2015-12-25', '2016-01-22', '2016-01-03', '1', 126, 'SAVE-A-LOT MARKETS', '187 SUFFOLK LN.', 'BOISE', 'ID', '83720', 'ESTADOS UNIDOS'),
(10394, 36, 1, '2015-12-25', '2016-01-22', '2016-01-03', '1', 30, 'HUNGRY COYOTE IMPORT STORE', 'CITY CENTER PLAZARN516 MAIN ST.', 'ELGIN', 'OR', '97827', 'ESTADOS UNIDOS'),
(10395, 35, 6, '2015-12-26', '2016-01-23', '2016-01-03', '1', 184, 'HILARION-ABASTOS', 'CARRERA 22 CON AVE. CARLOS SOUBLETTE #8-35', 'SAN CRISTOBAL', 'TACHIRA', '5022', 'VENEZUELA'),
(10396, 25, 1, '2015-12-27', '2016-01-10', '2016-01-06', '1', 135, '25ENVERSAND', 'BERLINER PLATZ 43', 'MÜNCHEN', '', '80805', 'ALEMANIA'),
(10397, 60, 5, '2015-12-27', '2016-01-24', '2016-01-02', '1', 60, 'PRINCESA ISABEL VINHOS', 'ESTRADA DA SAÚDE N. 58', 'LISBOA', '', '1756', 'PORTUGAL'),
(10398, 71, 2, '2015-12-30', '2016-01-27', '2016-01-09', '1', 89, 'SAVE-A-LOT MARKETS', '187 SUFFOLK LN.', 'BOISE', 'ID', '83720', 'ESTADOS UNIDOS'),
(10399, 83, 8, '2015-12-31', '2016-01-14', '2016-01-08', '1', 27, 'LJERNET', 'SMAGSLØGET 45', 'ÅRHUS', '', '8200', 'DINAMARCA'),
(10400, 19, 1, '2016-01-01', '2016-01-29', '2016-01-16', '1', 83, 'EASTERN CONNECTION', '35 KING GEORGE', 'LONDON', '', 'WX3 6FW', 'REINO UNIDO'),
(10401, 65, 1, '2016-01-01', '2016-01-29', '2016-01-10', '1', 12, 'RATTLESNAKE CANYON GROCERY', '2817 MILTON DR.', 'ALBUQUERQUE', 'NM', '87110', 'ESTADOS UNIDOS'),
(10402, 20, 8, '2016-01-02', '2016-02-13', '2016-01-10', '1', 67, 'ERNST HANDEL', 'KIRCHGASSE 6', 'GRAZ', '', '8010', 'AUSTRIA'),
(10403, 20, 4, '2016-01-03', '2016-01-31', '2016-01-09', '1', 73, 'ERNST HANDEL', 'KIRCHGASSE 6', 'GRAZ', '', '8010', 'AUSTRIA'),
(10404, 49, 2, '2016-01-03', '2016-01-31', '2016-01-08', '1', 155, 'MAGAZZINI ALIMENTARI RIUNITI', 'VIA LUDOVICO IL MORO 22', 'BERGAMO', '', '24100', 'ITALIA'),
(10405, 47, 1, '2016-01-06', '2016-02-03', '2016-01-22', '1', 34, 'LINO-DELICATESES', 'AVE. 5 DE MAYO PORLAMAR', 'I. DE MARGARITA', 'NUEVA ESPARTA', '4980', 'VENEZUELA'),
(10406, 62, 7, '2016-01-07', '2016-02-18', '2016-01-13', '1', 108, 'COZINHA', 'ALAMEDA DOS CANÀRIOS, 891', 'SÃO PAULO', 'SP', '05487-020', 'BRASIL'),
(10407, 56, 2, '2016-01-07', '2016-02-04', '2016-01-30', '1', 91, 'OTTILIES KÄSELADEN', 'MEHRHEIMERSTR. 369', 'KÖLN', '', '50739', 'ALEMANIA'),
(10408, 23, 8, '2016-01-08', '2016-02-05', '2016-01-14', '1', 11, 'FOLIES GOURMANDES', '184, CHAUSSEE DE TOURNAI', 'LILLE', '', '59000', 'FRANCIA'),
(10409, 54, 3, '2016-01-09', '2016-02-06', '2016-01-14', '1', 29, 'ATLANTICO LTDA.', 'ING. GUSTAVO MONCADA 8585RNPISO 20-A', 'BUENOS AIRES', '', '1010', 'ARGENTINA'),
(10410, 10, 3, '2016-01-10', '2016-02-07', '2016-01-15', '1', 2, 'BOTTOM-DOLLAR MARKETS', '23 TSAWASSEN BLVD.', 'TSAWASSEN', 'BC', 'T2F 8M4', 'CANADA'),
(10411, 10, 9, '2016-01-10', '2016-02-07', '2016-01-21', '1', 23, 'BOTTOM-DOLLAR MARKETS', '23 TSAWASSEN BLVD.', 'TSAWASSEN', 'BC', 'T2F 8M4', 'CANADA'),
(10412, 87, 8, '2016-01-13', '2016-02-10', '2016-01-15', '1', 3, 'WARTIAN HERKKU', 'TORIKATU 38', 'OULU', '', '90110', 'FINLANDIA'),
(10413, 41, 3, '2016-01-14', '2016-02-11', '2016-01-16', '1', 95, 'LA MAISON DASIE', '1 RUE ALSACE-LORRAINE', 'TOULOUSE', '', '31000', 'FRANCIA'),
(10414, 21, 2, '2016-01-14', '2016-02-11', '2016-01-17', '1', 21, 'FAMILIA ARQUIBALDO', 'RUA OROS, 92', 'SÃO PAULO', 'SP', '05442-030', 'BRASIL'),
(10415, 36, 3, '2016-01-15', '2016-02-12', '2016-01-24', '1', 0, 'HUNGRY COYOTE IMPORT STORE', 'CITY CENTER PLAZARN516 MAIN ST.', 'ELGIN', 'OR', '97827', 'ESTADOS UNIDOS'),
(10416, 87, 8, '2016-01-16', '2016-02-13', '2016-01-27', '1', 22, 'WARTIAN HERKKU', 'TORIKATU 38', 'OULU', '', '90110', 'FINLANDIA'),
(10417, 73, 4, '2016-01-16', '2016-02-13', '2016-01-28', '1', 70, 'SIMONS BISTRO', 'VINBÆLTET 34', 'KØBENHAVN', '', '1734', 'DINAMARCA'),
(10418, 63, 4, '2016-01-17', '2016-02-14', '2016-01-24', '1', 17, 'STOP', 'TAUCHERSTRAßE 10', 'CUNEWALDE', '', '01307', 'ALEMANIA'),
(10419, 68, 4, '2016-01-20', '2016-02-17', '2016-01-30', '1', 137, 'RICHTER SUPERMARKT', 'STARENWEG 5', 'GENÈVE', '', '1204', 'SUIZA'),
(10420, 88, 3, '2016-01-21', '2016-02-18', '2016-01-27', '1', 44, 'NGTON IMPORTADORA', 'RUA DO MERCADO, 12', 'RESENDE', 'SP', '08737-363', 'BRASIL'),
(10421, 61, 8, '2016-01-21', '2016-03-04', '2016-01-27', '1', 99, 'QUE DELICIA', 'RUA DA PANIFICADORA, 12', 'RIO DE JANEIRO', 'RJ', '02389-673', 'BRASIL'),
(10422, 27, 2, '2016-01-22', '2016-02-19', '2016-01-31', '1', 3, 'FI S.P.A.', 'VIA MONTE BIANCO 34', 'TORINO', '', '10100', 'ITALIA'),
(10423, 31, 6, '2016-01-23', '2016-02-06', '2016-02-24', '1', 24, 'GOURMET LANCHONETES', 'AV. BRASIL, 442', 'CAMPINAS', 'SP', '04876-786', 'BRASIL'),
(10424, 51, 7, '2016-01-23', '2016-02-20', '2016-01-27', '1', 370, 'MÈRE PAILLARDE', '43 RUE ST. LAURENT', 'MONTREAL', 'QUEBEC', 'H1J 1C3', 'CANADA'),
(10425, 41, 6, '2016-01-24', '2016-02-21', '2016-02-14', '1', 7, 'LA MAISON DASIE', '1 RUE ALSACE-LORRAINE', 'TOULOUSE', '', '31000', 'FRANCIA'),
(10426, 29, 4, '2016-01-27', '2016-02-24', '2016-02-06', '1', 18, 'GALERIA DEL GASTRONOMO', 'RAMBLA DE CATALUÑA, 23', 'BARCELONA', '', '8022', 'ESPAÑA'),
(10427, 59, 4, '2016-01-27', '2016-02-24', '2016-03-03', '1', 31, 'LO UND MEHR', 'GEISLWEG 14', 'SALZBURG', '', '5020', 'AUSTRIA'),
(10428, 66, 7, '2016-01-28', '2016-02-25', '2016-02-04', '1', 11, 'REGGIANI CASEIFICI', 'STRADA PROVINCIALE 124', 'REGGIO EMILIA', '', '42100', 'ITALIA'),
(10429, 37, 3, '2016-01-29', '2016-03-12', '2016-02-07', '1', 56, 'HUNGRY OWL ALL-NIGHT GROCERS', '8 JOHNSTOWN ROAD', 'CORK', 'CO. CORK', '', 'IRLANDA'),
(10430, 20, 4, '2016-01-30', '2016-02-13', '2016-02-03', '1', 458, 'ERNST HANDEL', 'KIRCHGASSE 6', 'GRAZ', '', '8010', 'AUSTRIA'),
(10431, 10, 4, '2016-01-30', '2016-02-13', '2016-02-07', '1', 44, 'BOTTOM-DOLLAR MARKETS', '23 TSAWASSEN BLVD.', 'TSAWASSEN', 'BC', 'T2F 8M4', 'CANADA'),
(10432, 75, 3, '2016-01-31', '2016-02-14', '2016-02-07', '1', 4, 'SPLIT RAIL BEER & ALE', 'P.O. BOX 555', 'LANDER', 'WY', '82520', 'ESTADOS UNIDOS'),
(10433, 60, 3, '2016-02-03', '2016-03-03', '2016-03-04', '1', 73, 'PRINCESA ISABEL VINHOS', 'ESTRADA DA SAÚDE N. 58', 'LISBOA', '', '1756', 'PORTUGAL'),
(10434, 24, 3, '2016-02-03', '2016-03-03', '2016-02-13', '1', 17, 'FOLK OCH FÄ HB', 'ÅKERGATAN 24', 'BRÄCKE', '', 'S-844 67', 'SUECIA'),
(10435, 16, 8, '2016-02-04', '2016-03-18', '2016-02-07', '1', 9, 'CONSOLIDATED HOLDINGS', 'BERKELEY GARDENSRN12  BREWERY', 'LONDON', '', 'WX1 6LT', 'REINO UNIDO'),
(10436, 7, 3, '2016-02-05', '2016-03-05', '2016-02-11', '1', 156, 'BLONDEL PÈRE ET FILS', '24, PLACE KLEBER', 'STRASBOURG', '', '67000', 'FRANCIA'),
(10437, 87, 8, '2016-02-05', '2016-03-05', '2016-02-12', '1', 19, 'WARTIAN HERKKU', 'TORIKATU 38', 'OULU', '', '90110', 'FINLANDIA'),
(10438, 79, 3, '2016-02-06', '2016-03-06', '2016-02-14', '1', 8, 'TOMS SPEZIALITÄTEN', 'LUISENSTR. 48', 'MÜNSTER', '', '44087', 'ALEMANIA'),
(10439, 51, 6, '2016-02-07', '2016-03-07', '2016-02-10', '1', 4, 'MÈRE PAILLARDE', '43 RUE ST. LAURENT', 'MONTREAL', 'QUEBEC', 'H1J 1C3', 'CANADA'),
(10440, 71, 4, '2016-02-10', '2016-03-10', '2016-02-28', '1', 86, 'SAVE-A-LOT MARKETS', '187 SUFFOLK LN.', 'BOISE', 'ID', '83720', 'ESTADOS UNIDOS'),
(10441, 55, 3, '2016-02-10', '2016-03-24', '2016-03-14', '1', 73, 'OLD WORLD DELICATESSEN', '2743 BERING ST.', 'ANCHORAGE', 'AK', '99508', 'ESTADOS UNIDOS'),
(10442, 20, 3, '2016-02-11', '2016-03-11', '2016-02-18', '1', 47, 'ERNST HANDEL', 'KIRCHGASSE 6', 'GRAZ', '', '8010', 'AUSTRIA'),
(10443, 66, 8, '2016-02-12', '2016-03-12', '2016-02-14', '1', 13, 'REGGIANI CASEIFICI', 'STRADA PROVINCIALE 124', 'REGGIO EMILIA', '', '42100', 'ITALIA'),
(10444, 5, 3, '2016-02-12', '2016-03-12', '2016-02-21', '1', 3, 'BERGLUNDS SNABBKÖP', 'BERGUVSVÄGEN  8', 'LULEÅ', '', 'S-958 22', 'SUECIA'),
(10445, 5, 3, '2016-02-13', '2016-03-13', '2016-02-20', '1', 9, 'BERGLUNDS SNABBKÖP', 'BERGUVSVÄGEN  8', 'LULEÅ', '', 'S-958 22', 'SUECIA'),
(10446, 79, 6, '2016-02-14', '2016-03-14', '2016-02-19', '1', 14, 'TOMS SPEZIALITÄTEN', 'LUISENSTR. 48', 'MÜNSTER', '', '44087', 'ALEMANIA'),
(10447, 67, 4, '2016-02-14', '2016-03-14', '2016-03-07', '1', 68, 'DO ADOCICADOS', 'AV. COPACABANA, 267', 'RIO DE JANEIRO', 'RJ', '02389-890', 'BRASIL'),
(10448, 64, 4, '2016-02-17', '2016-03-17', '2016-02-24', '1', 38, 'GRANDE', 'AV. DEL LIBERTADOR 900', 'BUENOS AIRES', '', '1010', 'ARGENTINA'),
(10449, 7, 3, '2016-02-18', '2016-03-18', '2016-02-27', '1', 53, 'BLONDEL PÈRE ET FILS', '24, PLACE KLEBER', 'STRASBOURG', '', '67000', 'FRANCIA'),
(10450, 84, 8, '2016-02-19', '2016-03-19', '2016-03-11', '1', 7, 'VICTUAILLES EN STOCK', '2, RUE DU COMMERCE', 'LYON', '', '69004', 'FRANCIA'),
(10451, 63, 4, '2016-02-19', '2016-03-05', '2016-03-12', '1', 189, 'STOP', 'TAUCHERSTRAßE 10', 'CUNEWALDE', '', '01307', 'ALEMANIA'),
(10452, 71, 8, '2016-02-20', '2016-03-20', '2016-02-26', '1', 140, 'SAVE-A-LOT MARKETS', '187 SUFFOLK LN.', 'BOISE', 'ID', '83720', 'ESTADOS UNIDOS'),
(10453, 4, 1, '2016-02-21', '2016-03-21', '2016-02-26', '1', 25, 'AROUND THE HORN', 'BROOK FARMRNSTRATFORD ST. MARY', 'COLCHESTER', 'ESSEX', 'CO7 6JX', 'REINO UNIDO'),
(10454, 41, 4, '2016-02-21', '2016-03-21', '2016-02-25', '1', 2, 'LA MAISON DASIE', '1 RUE ALSACE-LORRAINE', 'TOULOUSE', '', '31000', 'FRANCIA'),
(10455, 87, 8, '2016-02-24', '2016-04-07', '2016-03-03', '1', 180, 'WARTIAN HERKKU', 'TORIKATU 38', 'OULU', '', '90110', 'FINLANDIA'),
(10456, 39, 8, '2016-02-25', '2016-04-08', '2016-02-28', '1', 8, 'KÖNIGLICH ESSEN', 'MAUBELSTR. 90', 'BRANDENBURG', '', '14776', 'ALEMANIA'),
(10457, 39, 2, '2016-02-25', '2016-03-25', '2016-03-03', '1', 11, 'KÖNIGLICH ESSEN', 'MAUBELSTR. 90', 'BRANDENBURG', '', '14776', 'ALEMANIA'),
(10458, 76, 7, '2016-02-26', '2016-03-26', '2016-03-04', '1', 147, 'SUPRÊMES DELICES', 'BOULEVARD TIROU, 255', 'CHARLEROI', '', 'B-6000', 'BELGICA'),
(10459, 84, 4, '2016-02-27', '2016-03-27', '2016-02-28', '1', 25, 'VICTUAILLES EN STOCK', '2, RUE DU COMMERCE', 'LYON', '', '69004', 'FRANCIA'),
(10460, 24, 8, '2016-02-28', '2016-03-28', '2016-03-03', '1', 16, 'FOLK OCH FÄ HB', 'ÅKERGATAN 24', 'BRÄCKE', '', 'S-844 67', 'SUECIA'),
(10461, 46, 1, '2016-02-28', '2016-03-28', '2016-03-05', '1', 148, 'LILA-SUPERMERCADO', 'CARRERA 52 CON AVE. BOLIVAR #65-98 LLANO LARGO', 'BARQUISIMETO', 'LARA', '3508', 'VENEZUELA'),
(10462, 16, 2, '2016-03-03', '2016-03-31', '2016-03-18', '1', 6, 'CONSOLIDATED HOLDINGS', 'BERKELEY GARDENSRN12  BREWERY', 'LONDON', '', 'WX1 6LT', 'REINO UNIDO'),
(10463, 76, 5, '2016-03-04', '2016-04-01', '2016-03-06', '1', 14, 'SUPRÊMES DELICES', 'BOULEVARD TIROU, 255', 'CHARLEROI', '', 'B-6000', 'BELGICA'),
(10464, 28, 4, '2016-03-04', '2016-04-01', '2016-03-14', '1', 89, 'FURIA BACALHAU E FRUTOS DO MAR', 'JARDIM DAS ROSAS N. 32', 'LISBOA', '', '1675', 'PORTUGAL'),
(10465, 83, 1, '2016-03-05', '2016-04-02', '2016-03-14', '1', 145, 'LJERNET', 'SMAGSLØGET 45', 'ÅRHUS', '', '8200', 'DINAMARCA'),
(10466, 15, 4, '2016-03-06', '2016-04-03', '2016-03-13', '1', 11, 'COMERCIO MINEIRO', 'AV. DOS LUSIADAS, 23', 'SÃO PAULO', 'SP', '05432-043', 'BRASIL'),
(10467, 49, 8, '2016-03-06', '2016-04-03', '2016-03-11', '1', 4, 'MAGAZZINI ALIMENTARI RIUNITI', 'VIA LUDOVICO IL MORO 22', 'BERGAMO', '', '24100', 'ITALIA'),
(10468, 39, 3, '2016-03-07', '2016-04-04', '2016-03-12', '1', 44, 'KÖNIGLICH ESSEN', 'MAUBELSTR. 90', 'BRANDENBURG', '', '14776', 'ALEMANIA'),
(10469, 89, 1, '2016-03-10', '2016-04-07', '2016-03-14', '1', 60, 'WHITE CLOVER MARKETS', '1029 - 12TH AVE. S.', 'SEATTLE', 'WA', '98124', 'ESTADOS UNIDOS'),
(10470, 9, 4, '2016-03-11', '2016-04-08', '2016-03-14', '1', 64, 'BON APP', '12, RUE DES BOUCHERS', 'MARSEILLE', '', '13008', 'FRANCIA'),
(10471, 11, 2, '2016-03-11', '2016-04-08', '2016-03-18', '1', 45, 'BS BEVERAGES', 'FAUNTLEROY CIRCUS', 'LONDON', '', 'EC2 5NT', 'REINO UNIDO'),
(10472, 72, 8, '2016-03-12', '2016-04-09', '2016-03-19', '1', 4, 'SEVEN SEAS IMPORTS', '90 WADHURST RD.', 'LONDON', '', 'OX15 4NB', 'REINO UNIDO'),
(10473, 38, 1, '2016-03-13', '2016-03-27', '2016-03-21', '1', 16, 'ISLAND TRADING', 'GARDEN HOUSERNCROWTHER WAY', 'COWES', 'ISLE OF WIGHT', 'PO31 7PJ', 'REINO UNIDO'),
(10474, 58, 5, '2016-03-13', '2016-04-10', '2016-03-21', '1', 83, 'LES COMIDAS CLASICAS', 'CALLE DR. JORGE CASH 321', 'MEXICO D.F.', '', '05033', 'MEXICO'),
(10475, 76, 9, '2016-03-14', '2016-04-11', '2016-04-04', '1', 68, 'SUPRÊMES DELICES', 'BOULEVARD TIROU, 255', 'CHARLEROI', '', 'B-6000', 'BELGICA'),
(10476, 35, 8, '2016-03-17', '2016-04-14', '2016-03-24', '1', 4, 'HILARION-ABASTOS', 'CARRERA 22 CON AVE. CARLOS SOUBLETTE #8-35', 'SAN CRISTOBAL', 'TACHIRA', '5022', 'VENEZUELA'),
(10477, 60, 5, '2016-03-17', '2016-04-14', '2016-03-25', '1', 13, 'PRINCESA ISABEL VINHOS', 'ESTRADA DA SAÚDE N. 58', 'LISBOA', '', '1756', 'PORTUGAL'),
(10478, 84, 2, '2016-03-18', '2016-04-01', '2016-03-26', '1', 4, 'VICTUAILLES EN STOCK', '2, RUE DU COMMERCE', 'LYON', '', '69004', 'FRANCIA'),
(10479, 65, 3, '2016-03-19', '2016-04-16', '2016-03-21', '1', 708, 'RATTLESNAKE CANYON GROCERY', '2817 MILTON DR.', 'ALBUQUERQUE', 'NM', '87110', 'ESTADOS UNIDOS'),
(10480, 23, 6, '2016-03-20', '2016-04-17', '2016-03-24', '1', 1, 'FOLIES GOURMANDES', '184, CHAUSSEE DE TOURNAI', 'LILLE', '', '59000', 'FRANCIA'),
(10481, 67, 8, '2016-03-20', '2016-04-17', '2016-03-25', '1', 64, 'DO ADOCICADOS', 'AV. COPACABANA, 267', 'RIO DE JANEIRO', 'RJ', '02389-890', 'BRASIL'),
(10482, 43, 1, '2016-03-21', '2016-04-18', '2016-04-10', '1', 7, 'LAZY K KOUNTRY STORE', '12 ORCHESTRA TERRACE', 'WALLA WALLA', 'WA', '99362', 'ESTADOS UNIDOS'),
(10483, 89, 7, '2016-03-24', '2016-04-21', '2016-04-25', '1', 15, 'WHITE CLOVER MARKETS', '1029 - 12TH AVE. S.', 'SEATTLE', 'WA', '98124', 'ESTADOS UNIDOS'),
(10484, 11, 3, '2016-03-24', '2016-04-21', '2016-04-01', '1', 6, 'BS BEVERAGES', 'FAUNTLEROY CIRCUS', 'LONDON', '', 'EC2 5NT', 'REINO UNIDO'),
(10485, 47, 4, '2016-03-25', '2016-04-08', '2016-03-31', '1', 64, 'LINO-DELICATESES', 'AVE. 5 DE MAYO PORLAMAR', 'I. DE MARGARITA', 'NUEVA ESPARTA', '4980', 'VENEZUELA'),
(10486, 35, 1, '2016-03-26', '2016-04-23', '2016-04-02', '1', 30, 'HILARION-ABASTOS', 'CARRERA 22 CON AVE. CARLOS SOUBLETTE #8-35', 'SAN CRISTOBAL', 'TACHIRA', '5022', 'VENEZUELA'),
(10487, 62, 2, '2016-03-26', '2016-04-23', '2016-03-28', '1', 71, 'COZINHA', 'ALAMEDA DOS CANÀRIOS, 891', 'SÃO PAULO', 'SP', '05487-020', 'BRASIL'),
(10488, 25, 8, '2016-03-27', '2016-04-24', '2016-04-02', '1', 4, 'ENVERSAND', 'BERLINER PLATZ 43', 'MÜNCHEN', '', '80805', 'ALEMANIA'),
(10489, 59, 6, '2016-03-28', '2016-04-25', '2016-04-09', '1', 5, 'LO UND MEHR', 'GEISLWEG 14', 'SALZBURG', '', '5020', 'AUSTRIA'),
(10490, 35, 7, '2016-03-31', '2016-04-28', '2016-04-03', '1', 210, 'HILARION-ABASTOS', 'CARRERA 22 CON AVE. CARLOS SOUBLETTE #8-35', 'SAN CRISTOBAL', 'TACHIRA', '5022', 'VENEZUELA'),
(10491, 28, 8, '2016-03-31', '2016-04-28', '2016-04-08', '1', 16, 'FURIA BACALHAU E FRUTOS DO MAR', 'JARDIM DAS ROSAS N. 32', 'LISBOA', '', '1675', 'PORTUGAL'),
(10492, 10, 3, '2016-04-01', '2016-04-29', '2016-04-11', '1', 62, 'BOTTOM-DOLLAR MARKETS', '23 TSAWASSEN BLVD.', 'TSAWASSEN', 'BC', 'T2F 8M4', 'CANADA'),
(10493, 41, 4, '2016-04-02', '2016-04-30', '2016-04-10', '1', 10, 'LA MAISON DASIE', '1 RUE ALSACE-LORRAINE', 'TOULOUSE', '', '31000', 'FRANCIA'),
(10494, 15, 4, '2016-04-02', '2016-04-30', '2016-04-09', '1', 65, 'COMERCIO MINEIRO', 'AV. DOS LUSIADAS, 23', 'SÃO PAULO', 'SP', '05432-043', 'BRASIL'),
(10495, 42, 3, '2016-04-03', '2016-05-01', '2016-04-11', '1', 4, 'LAUGHING BACCHUS WINE CELLARS', '2319 ELM ST.', 'VANCOUVER', 'BC', 'V3F 2K1', 'CANADA'),
(10496, 81, 7, '2016-04-04', '2016-05-02', '2016-04-07', '1', 46, 'TRADIÇÃO HIPERMERCADOS', 'AV. INÊS DE CASTRO, 414', 'SÃO PAULO', 'SP', '05634-030', 'BRASIL'),
(10497, 44, 7, '2016-04-04', '2016-05-02', '2016-04-07', '1', 36, 'LEHMANNS MARKTSTAND', 'MAGAZINWEG 7', '25FURT A.M.', '', '60528', 'ALEMANIA'),
(10498, 35, 8, '2016-04-07', '2016-05-05', '2016-04-11', '1', 29, 'HILARION-ABASTOS', 'CARRERA 22 CON AVE. CARLOS SOUBLETTE #8-35', 'SAN CRISTOBAL', 'TACHIRA', '5022', 'VENEZUELA'),
(10499, 46, 4, '2016-04-08', '2016-05-06', '2016-04-16', '1', 102, 'LILA-SUPERMERCADO', 'CARRERA 52 CON AVE. BOLIVAR #65-98 LLANO LARGO', 'BARQUISIMETO', 'LARA', '3508', 'VENEZUELA'),
(10500, 41, 6, '2016-04-09', '2016-05-07', '2016-04-17', '1', 42, 'LA MAISON DASIE', '1 RUE ALSACE-LORRAINE', 'TOULOUSE', '', '31000', 'FRANCIA'),
(10501, 6, 9, '2016-04-09', '2016-05-07', '2016-04-16', '1', 8, 'BLAUER SEE DELIKATESSEN', 'FORSTERSTR. 57', 'MANNHEIM', '', '68306', 'ALEMANIA'),
(10502, 58, 2, '2016-04-10', '2016-05-08', '2016-04-29', '1', 69, 'LES COMIDAS CLASICAS', 'CALLE DR. JORGE CASH 321', 'MEXICO D.F.', '', '05033', 'MEXICO'),
(10503, 37, 6, '2016-04-11', '2016-05-09', '2016-04-16', '1', 16, 'HUNGRY OWL ALL-NIGHT GROCERS', '8 JOHNSTOWN ROAD', 'CORK', 'CO. CORK', '', 'IRLANDA'),
(10504, 89, 4, '2016-04-11', '2016-05-09', '2016-04-18', '1', 59, 'WHITE CLOVER MARKETS', '1029 - 12TH AVE. S.', 'SEATTLE', 'WA', '98124', 'ESTADOS UNIDOS'),
(10505, 51, 3, '2016-04-14', '2016-05-12', '2016-04-21', '1', 7, 'MÈRE PAILLARDE', '43 RUE ST. LAURENT', 'MONTREAL', 'QUEBEC', 'H1J 1C3', 'CANADA'),
(10506, 39, 9, '2016-04-15', '2016-05-13', '2016-05-02', '1', 21, 'KÖNIGLICH ESSEN', 'MAUBELSTR. 90', 'BRANDENBURG', '', '14776', 'ALEMANIA'),
(10507, 3, 7, '2016-04-15', '2016-05-13', '2016-04-22', '1', 47, 'IO MORENO TAQUERIA', 'MATADEROS  2312', 'MEXICO D.F.', '', '05023', 'MEXICO'),
(10508, 56, 1, '2016-04-16', '2016-05-14', '2016-05-13', '1', 4, 'OTTILIES KÄSELADEN', 'MEHRHEIMERSTR. 369', 'KÖLN', '', '50739', 'ALEMANIA'),
(10509, 6, 4, '2016-04-17', '2016-05-15', '2016-04-29', '1', 0, 'BLAUER SEE DELIKATESSEN', 'FORSTERSTR. 57', 'MANNHEIM', '', '68306', 'ALEMANIA'),
(10510, 71, 6, '2016-04-18', '2016-05-16', '2016-04-28', '1', 367, 'SAVE-A-LOT MARKETS', '187 SUFFOLK LN.', 'BOISE', 'ID', '83720', 'ESTADOS UNIDOS'),
(10511, 9, 4, '2016-04-18', '2016-05-16', '2016-04-21', '1', 350, 'BON APP', '12, RUE DES BOUCHERS', 'MARSEILLE', '', '13008', 'FRANCIA'),
(10512, 21, 7, '2016-04-21', '2016-05-19', '2016-04-24', '1', 3, 'FAMILIA ARQUIBALDO', 'RUA OROS, 92', 'SÃO PAULO', 'SP', '05442-030', 'BRASIL'),
(10513, 86, 7, '2016-04-22', '2016-06-03', '2016-04-28', '1', 105, 'DIE WANDERNDE KUH', 'ADENAUERALLEE 900', 'STUTTGART', '', '70563', 'ALEMANIA'),
(10514, 20, 3, '2016-04-22', '2016-05-20', '2016-05-16', '1', 789, 'ERNST HANDEL', 'KIRCHGASSE 6', 'GRAZ', '', '8010', 'AUSTRIA'),
(10515, 63, 2, '2016-04-23', '2016-05-07', '2016-05-23', '1', 204, 'STOP', 'TAUCHERSTRAßE 10', 'CUNEWALDE', '', '01307', 'ALEMANIA'),
(10516, 37, 2, '2016-04-24', '2016-05-22', '2016-05-01', '1', 62, 'HUNGRY OWL ALL-NIGHT GROCERS', '8 JOHNSTOWN ROAD', 'CORK', 'CO. CORK', '', 'IRLANDA'),
(10517, 53, 3, '2016-04-24', '2016-05-22', '2016-04-29', '1', 32, 'NORTH/SOUTH', 'SOUTH HOUSERN300 62SBRIDGE', 'LONDON', '', 'SW7 1RZ', 'REINO UNIDO'),
(10518, 80, 4, '2016-04-25', '2016-05-09', '2016-05-05', '1', 218, 'GA RESTAURANTE', 'AVDA. AZTECA 123', 'MEXICO D.F.', '', '05033', 'MEXICO'),
(10519, 14, 6, '2016-04-28', '2016-05-26', '2016-05-01', '1', 91, 'CHOP-SUEY CHINESE', 'HAUPTSTR. 31', 'BERN', '', '3012', 'SUIZA'),
(10520, 70, 7, '2016-04-29', '2016-05-27', '2016-05-01', '1', 13, 'SANTE GOURMET', 'ERLING SKAKKES GATE 78', 'STAVERN', '', '4110', 'NORUEGA'),
(10521, 12, 8, '2016-04-29', '2016-05-27', '2016-05-02', '1', 17, 'S COMIDAS PARA LLEVAR', 'CERRITO 333', 'BUENOS AIRES', '', '1010', 'ARGENTINA'),
(10522, 44, 4, '2016-04-30', '2016-05-28', '2016-05-06', '1', 45, 'LEHMANNS MARKTSTAND', 'MAGAZINWEG 7', '25FURT A.M.', '', '60528', 'ALEMANIA'),
(10523, 72, 7, '2016-05-01', '2016-05-29', '2016-05-30', '1', 77, 'SEVEN SEAS IMPORTS', '90 WADHURST RD.', 'LONDON', '', 'OX15 4NB', 'REINO UNIDO'),
(10524, 5, 1, '2016-05-01', '2016-05-29', '2016-05-07', '1', 244, 'BERGLUNDS SNABBKÖP', 'BERGUVSVÄGEN  8', 'LULEÅ', '', 'S-958 22', 'SUECIA'),
(10525, 9, 1, '2016-05-02', '2016-05-30', '2016-05-23', '1', 11, 'BON APP', '12, RUE DES BOUCHERS', 'MARSEILLE', '', '13008', 'FRANCIA'),
(10526, 87, 4, '2016-05-05', '2016-06-02', '2016-05-15', '1', 58, 'WARTIAN HERKKU', 'TORIKATU 38', 'OULU', '', '90110', 'FINLANDIA'),
(10527, 63, 7, '2016-05-05', '2016-06-02', '2016-05-07', '1', 41, 'STOP', 'TAUCHERSTRAßE 10', 'CUNEWALDE', '', '01307', 'ALEMANIA'),
(10528, 32, 6, '2016-05-06', '2016-05-20', '2016-05-09', '1', 3, 'GREAT LAKES FOOD MARKET', '2732 BAKER BLVD.', 'EUGENE', 'OR', '97403', 'ESTADOS UNIDOS'),
(10529, 50, 5, '2016-05-07', '2016-06-04', '2016-05-09', '1', 66, 'MAISON DEWEY', 'RUE JOSEPH-BENS 532', 'BRUXELLES', '', 'B-1180', 'BELGICA'),
(10530, 59, 3, '2016-05-08', '2016-06-05', '2016-05-12', '1', 339, 'LO UND MEHR', 'GEISLWEG 14', 'SALZBURG', '', '5020', 'AUSTRIA'),
(10531, 54, 7, '2016-05-08', '2016-06-05', '2016-05-19', '1', 8, 'O ATLANTICO LTDA.', 'ING. GUSTAVO MONCADA 8585RNPISO 20-A', 'BUENOS AIRES', '', '1010', 'ARGENTINA'),
(10532, 19, 7, '2016-05-09', '2016-06-06', '2016-05-12', '1', 74, 'EASTERN CONNECTION', '35 KING GEORGE', 'LONDON', '', 'WX3 6FW', 'REINO UNIDO'),
(10533, 24, 8, '2016-05-12', '2016-06-09', '2016-05-22', '1', 188, 'FOLK OCH FÄ HB', 'ÅKERGATAN 24', 'BRÄCKE', '', 'S-844 67', 'SUECIA'),
(10534, 44, 8, '2016-05-12', '2016-06-09', '2016-05-14', '1', 27, 'LEHMANNS MARKTSTAND', 'MAGAZINWEG 7', '25FURT A.M.', '', '60528', 'ALEMANIA'),
(10535, 3, 4, '2016-05-13', '2016-06-10', '2016-05-21', '1', 15, 'IO MORENO TAQUERIA', 'MATADEROS  2312', 'MEXICO D.F.', '', '05023', 'MEXICO'),
(10536, 44, 3, '2016-05-14', '2016-06-11', '2016-06-06', '1', 58, 'LEHMANNS MARKTSTAND', 'MAGAZINWEG 7', '25FURT A.M.', '', '60528', 'ALEMANIA'),
(10537, 68, 1, '2016-05-14', '2016-05-28', '2016-05-19', '1', 78, 'RICHTER SUPERMARKT', 'STARENWEG 5', 'GENÈVE', '', '1204', 'SUIZA'),
(10538, 11, 9, '2016-05-15', '2016-06-12', '2016-05-16', '1', 4, 'BS BEVERAGES', 'FAUNTLEROY CIRCUS', 'LONDON', '', 'EC2 5NT', 'REINO UNIDO'),
(10539, 11, 6, '2016-05-16', '2016-06-13', '2016-05-23', '1', 12, 'BS BEVERAGES', 'FAUNTLEROY CIRCUS', 'LONDON', '', 'EC2 5NT', 'REINO UNIDO'),
(10540, 63, 3, '2016-05-19', '2016-06-16', '2016-06-13', '1', 1007, 'STOP', 'TAUCHERSTRAßE 10', 'CUNEWALDE', '', '01307', 'ALEMANIA'),
(10541, 34, 2, '2016-05-19', '2016-06-16', '2016-05-29', '1', 68, 'I CARNES', 'RUA DO PAÇO, 67', 'RIO DE JANEIRO', 'RJ', '05454-876', 'BRASIL'),
(10542, 39, 1, '2016-05-20', '2016-06-17', '2016-05-26', '1', 10, 'KÖNIGLICH ESSEN', 'MAUBELSTR. 90', 'BRANDENBURG', '', '14776', 'ALEMANIA'),
(10543, 46, 8, '2016-05-21', '2016-06-18', '2016-05-23', '1', 48, 'LILA-SUPERMERCADO', 'CARRERA 52 CON AVE. BOLIVAR #65-98 LLANO LARGO', 'BARQUISIMETO', 'LARA', '3508', 'VENEZUELA'),
(10544, 48, 4, '2016-05-21', '2016-06-18', '2016-05-30', '1', 24, 'LONESOME PINE RESTAURANT', '89 CHIAROSCURO RD.', 'PORTLAND', 'OR', '97219', 'ESTADOS UNIDOS'),
(10545, 43, 8, '2016-05-22', '2016-06-19', '2016-06-26', '1', 11, 'LAZY K KOUNTRY STORE', '12 ORCHESTRA TERRACE', 'WALLA WALLA', 'WA', '99362', 'ESTADOS UNIDOS'),
(10546, 84, 1, '2016-05-23', '2016-06-20', '2016-05-27', '1', 194, 'VICTUAILLES EN STOCK', '2, RUE DU COMMERCE', 'LYON', '', '69004', 'FRANCIA'),
(10547, 72, 3, '2016-05-23', '2016-06-20', '2016-06-02', '1', 178, 'SEVEN SEAS IMPORTS', '90 WADHURST RD.', 'LONDON', '', 'OX15 4NB', 'REINO UNIDO'),
(10548, 79, 3, '2016-05-26', '2016-06-23', '2016-06-02', '1', 1, 'TOMS SPEZIALITÄTEN', 'LUISENSTR. 48', 'MÜNSTER', '', '44087', 'ALEMANIA'),
(10549, 63, 5, '2016-05-27', '2016-06-10', '2016-05-30', '1', 171, 'STOP', 'TAUCHERSTRAßE 10', 'CUNEWALDE', '', '01307', 'ALEMANIA'),
(10550, 30, 7, '2016-05-28', '2016-06-25', '2016-06-06', '1', 4, 'COCINA TIPICA', 'C/ ROMERO, 33', 'SEVILLA', '', '41101', 'ESPAÑA'),
(10551, 28, 4, '2016-05-28', '2016-07-09', '2016-06-06', '1', 72, 'FURIA BACALHAU E FRUTOS DO MAR', 'JARDIM DAS ROSAS N. 32', 'LISBOA', '', '1675', 'PORTUGAL'),
(10552, 35, 2, '2016-05-29', '2016-06-26', '2016-06-05', '1', 83, 'HILARION-ABASTOS', 'CARRERA 22 CON AVE. CARLOS SOUBLETTE #8-35', 'SAN CRISTOBAL', 'TACHIRA', '5022', 'VENEZUELA'),
(10553, 87, 2, '2016-05-30', '2016-06-27', '2016-06-03', '1', 149, 'WARTIAN HERKKU', 'TORIKATU 38', 'OULU', '', '90110', 'FINLANDIA'),
(10554, 56, 4, '2016-05-30', '2016-06-27', '2016-06-05', '1', 120, 'OTTILIES KÄSELADEN', 'MEHRHEIMERSTR. 369', 'KÖLN', '', '50739', 'ALEMANIA'),
(10555, 71, 6, '2016-06-02', '2016-06-30', '2016-06-04', '1', 252, 'SAVE-A-LOT MARKETS', '187 SUFFOLK LN.', 'BOISE', 'ID', '83720', 'ESTADOS UNIDOS'),
(10556, 73, 2, '2016-06-03', '2016-07-15', '2016-06-13', '1', 9, 'SIMONS BISTRO', 'VINBÆLTET 34', 'KØBENHAVN', '', '1734', 'DINAMARCA'),
(10557, 44, 9, '2016-06-03', '2016-06-17', '2016-06-06', '1', 96, 'LEHMANNS MARKTSTAND', 'MAGAZINWEG 7', '25FURT A.M.', '', '60528', 'ALEMANIA'),
(10558, 4, 1, '2016-06-04', '2016-07-02', '2016-06-10', '1', 72, 'AROUND THE HORN', 'BROOK FARMRNSTRATFORD ST. MARY', 'COLCHESTER', 'ESSEX', 'CO7 6JX', 'REINO UNIDO'),
(10559, 7, 6, '2016-06-05', '2016-07-03', '2016-06-13', '1', 8, 'BLONDEL PÈRE ET FILS', '24, PLACE KLEBER', 'STRASBOURG', '', '67000', 'FRANCIA'),
(10560, 25, 8, '2016-06-06', '2016-07-04', '2016-06-09', '1', 36, 'ENVERSAND', 'BERLINER PLATZ 43', 'MÜNCHEN', '', '80805', 'ALEMANIA'),
(10561, 24, 2, '2016-06-06', '2016-07-04', '2016-06-09', '1', 242, 'FOLK OCH FÄ HB', 'ÅKERGATAN 24', 'BRÄCKE', '', 'S-844 67', 'SUECIA'),
(10562, 66, 1, '2016-06-09', '2016-07-07', '2016-06-12', '1', 22, 'REGGIANI CASEIFICI', 'STRADA PROVINCIALE 124', 'REGGIO EMILIA', '', '42100', 'ITALIA'),
(10563, 67, 2, '2016-06-10', '2016-07-22', '2016-06-24', '1', 60, 'DO ADOCICADOS', 'AV. COPACABANA, 267', 'RIO DE JANEIRO', 'RJ', '02389-890', 'BRASIL'),
(10564, 65, 4, '2016-06-10', '2016-07-08', '2016-06-16', '1', 13, 'RATTLESNAKE CANYON GROCERY', '2817 MILTON DR.', 'ALBUQUERQUE', 'NM', '87110', 'ESTADOS UNIDOS'),
(10565, 51, 8, '2016-06-11', '2016-07-09', '2016-06-18', '1', 7, 'MÈRE PAILLARDE', '43 RUE ST. LAURENT', 'MONTREAL', 'QUEBEC', 'H1J 1C3', 'CANADA'),
(10566, 7, 9, '2016-06-12', '2016-07-10', '2016-06-18', '1', 88, 'BLONDEL PÈRE ET FILS', '24, PLACE KLEBER', 'STRASBOURG', '', '67000', 'FRANCIA'),
(10567, 37, 1, '2016-06-12', '2016-07-10', '2016-06-17', '1', 33, 'HUNGRY OWL ALL-NIGHT GROCERS', '8 JOHNSTOWN ROAD', 'CORK', 'CO. CORK', '', 'IRLANDA'),
(10568, 29, 3, '2016-06-13', '2016-07-11', '2016-07-09', '1', 6, 'GALERIA DEL GASTRONOMO', 'RAMBLA DE CATALUÑA, 23', 'BARCELONA', '', '8022', 'ESPAÑA'),
(10569, 65, 5, '2016-06-16', '2016-07-14', '2016-07-11', '1', 58, 'RATTLESNAKE CANYON GROCERY', '2817 MILTON DR.', 'ALBUQUERQUE', 'NM', '87110', 'ESTADOS UNIDOS'),
(10570, 51, 3, '2016-06-17', '2016-07-15', '2016-06-19', '1', 188, 'MÈRE PAILLARDE', '43 RUE ST. LAURENT', 'MONTREAL', 'QUEBEC', 'H1J 1C3', 'CANADA'),
(10571, 20, 8, '2016-06-17', '2016-07-29', '2016-07-04', '1', 26, 'ERNST HANDEL', 'KIRCHGASSE 6', 'GRAZ', '', '8010', 'AUSTRIA'),
(10572, 5, 3, '2016-06-18', '2016-07-16', '2016-06-25', '1', 116, 'BERGLUNDS SNABBKÖP', 'BERGUVSVÄGEN  8', 'LULEÅ', '', 'S-958 22', 'SUECIA'),
(10573, 3, 7, '2016-06-19', '2016-07-17', '2016-06-20', '1', 84, 'IO MORENO TAQUERIA', 'MATADEROS  2312', 'MEXICO D.F.', '', '05023', 'MEXICO'),
(10574, 82, 4, '2016-06-19', '2016-07-17', '2016-06-30', '1', 37, 'TRAILS HEAD GOURMET PROVISIONERS', '722 DAVINCI BLVD.', 'KIRKLAND', 'WA', '98034', 'ESTADOS UNIDOS'),
(10575, 52, 5, '2016-06-20', '2016-07-04', '2016-06-30', '1', 127, 'MORGENSTERN GESUNDKOST', 'HEERSTR. 22', 'LEIPZIG', '', '04179', 'ALEMANIA'),
(10576, 80, 3, '2016-06-23', '2016-07-07', '2016-06-30', '1', 18, 'GA RESTAURANTE', 'AVDA. AZTECA 123', 'MEXICO D.F.', '', '05033', 'MEXICO'),
(10577, 82, 9, '2016-06-23', '2016-08-04', '2016-06-30', '1', 25, 'TRAILS HEAD GOURMET PROVISIONERS', '722 DAVINCI BLVD.', 'KIRKLAND', 'WA', '98034', 'ESTADOS UNIDOS'),
(10578, 11, 4, '2016-06-24', '2016-07-22', '2016-07-25', '1', 29, 'BS BEVERAGES', 'FAUNTLEROY CIRCUS', 'LONDON', '', 'EC2 5NT', 'REINO UNIDO'),
(10579, 45, 1, '2016-06-25', '2016-07-23', '2016-07-04', '1', 13, 'LETS STOP N SHOP', '87 POLK ST.RNSUITE 5', 'SAN FRANCISCO', 'CA', '94117', 'ESTADOS UNIDOS'),
(10580, 56, 4, '2016-06-26', '2016-07-24', '2016-07-01', '1', 75, 'OTTILIES KÄSELADEN', 'MEHRHEIMERSTR. 369', 'KÖLN', '', '50739', 'ALEMANIA'),
(10581, 21, 3, '2016-06-26', '2016-07-24', '2016-07-02', '1', 3, 'FAMILIA ARQUIBALDO', 'RUA OROS, 92', 'SÃO PAULO', 'SP', '05442-030', 'BRASIL'),
(10582, 6, 3, '2016-06-27', '2016-07-25', '2016-07-14', '1', 27, 'BLAUER SEE DELIKATESSEN', 'FORSTERSTR. 57', 'MANNHEIM', '', '68306', 'ALEMANIA'),
(10583, 87, 2, '2016-06-30', '2016-07-28', '2016-07-04', '1', 7, 'WARTIAN HERKKU', 'TORIKATU 38', 'OULU', '', '90110', 'FINLANDIA'),
(10584, 7, 4, '2016-06-30', '2016-07-28', '2016-07-04', '1', 59, 'BLONDEL PÈRE ET FILS', '24, PLACE KLEBER', 'STRASBOURG', '', '67000', 'FRANCIA'),
(10585, 88, 7, '2016-07-01', '2016-07-29', '2016-07-10', '1', 13, 'NGTON IMPORTADORA', 'RUA DO MERCADO, 12', 'RESENDE', 'SP', '08737-363', 'BRASIL');
INSERT INTO `pedido` (`IDE_PED`, `IDE_CLI`, `IDE_EMP`, `FEC_PED`, `FEN_PED`, `FEE_PED`, `ENV_PED`, `CAN_PED`, `DES_PED`, `DDE_PED`, `CDE_PED`, `REF_PED`, `DEP_PED`, `PAI_PED`) VALUES
(10586, 66, 9, '2016-07-02', '2016-07-30', '2016-07-09', '1', 0, 'REGGIANI CASEIFICI', 'STRADA PROVINCIALE 124', 'REGGIO EMILIA', '', '42100', 'ITALIA'),
(10587, 61, 1, '2016-07-02', '2016-07-30', '2016-07-09', '1', 62, 'QUE DELICIA', 'RUA DA PANIFICADORA, 12', 'RIO DE JANEIRO', 'RJ', '02389-673', 'BRASIL'),
(10588, 63, 2, '2016-07-03', '2016-07-31', '2016-07-10', '1', 194, 'STOP', 'TAUCHERSTRAßE 10', 'CUNEWALDE', '', '01307', 'ALEMANIA'),
(10589, 32, 8, '2016-07-04', '2016-08-01', '2016-07-14', '1', 4, 'GREAT LAKES FOOD MARKET', '2732 BAKER BLVD.', 'EUGENE', 'OR', '97403', 'ESTADOS UNIDOS'),
(10590, 51, 4, '2016-07-07', '2016-08-04', '2016-07-14', '1', 44, 'MÈRE PAILLARDE', '43 RUE ST. LAURENT', 'MONTREAL', 'QUEBEC', 'H1J 1C3', 'CANADA'),
(10591, 83, 1, '2016-07-07', '2016-07-21', '2016-07-16', '1', 55, 'LJERNET', 'SMAGSLØGET 45', 'ÅRHUS', '', '8200', 'DINAMARCA'),
(10592, 44, 3, '2016-07-08', '2016-08-05', '2016-07-16', '1', 32, 'LEHMANNS MARKTSTAND', 'MAGAZINWEG 7', '25FURT A.M.', '', '60528', 'ALEMANIA'),
(10593, 44, 7, '2016-07-09', '2016-08-06', '2016-08-13', '1', 174, 'LEHMANNS MARKTSTAND', 'MAGAZINWEG 7', '25FURT A.M.', '', '60528', 'ALEMANIA'),
(10594, 55, 3, '2016-07-09', '2016-08-06', '2016-07-16', '1', 5, 'OLD WORLD DELICATESSEN', '2743 BERING ST.', 'ANCHORAGE', 'AK', '99508', 'ESTADOS UNIDOS'),
(10595, 20, 2, '2016-07-10', '2016-08-07', '2016-07-14', '1', 96, 'ERNST HANDEL', 'KIRCHGASSE 6', 'GRAZ', '', '8010', 'AUSTRIA'),
(10596, 89, 8, '2016-07-11', '2016-08-08', '2016-08-12', '1', 16, 'WHITE CLOVER MARKETS', '1029 - 12TH AVE. S.', 'SEATTLE', 'WA', '98124', 'ESTADOS UNIDOS'),
(10597, 59, 7, '2016-07-11', '2016-08-08', '2016-07-18', '1', 35, 'LO UND MEHR', 'GEISLWEG 14', 'SALZBURG', '', '5020', 'AUSTRIA'),
(10598, 65, 1, '2016-07-14', '2016-08-11', '2016-07-18', '1', 44, 'RATTLESNAKE CANYON GROCERY', '2817 MILTON DR.', 'ALBUQUERQUE', 'NM', '87110', 'ESTADOS UNIDOS'),
(10599, 11, 6, '2016-07-15', '2016-08-26', '2016-07-21', '1', 29, 'BS BEVERAGES', 'FAUNTLEROY CIRCUS', 'LONDON', '', 'EC2 5NT', 'REINO UNIDO'),
(10600, 36, 4, '2016-07-16', '2016-08-13', '2016-07-21', '1', 45, 'HUNGRY COYOTE IMPORT STORE', 'CITY CENTER PLAZARN516 MAIN ST.', 'ELGIN', 'OR', '97827', 'ESTADOS UNIDOS'),
(10601, 35, 7, '2016-07-16', '2016-08-27', '2016-07-22', '1', 58, 'HILARION-ABASTOS', 'CARRERA 22 CON AVE. CARLOS SOUBLETTE #8-35', 'SAN CRISTOBAL', 'TACHIRA', '5022', 'VENEZUELA'),
(10602, 83, 8, '2016-07-17', '2016-08-14', '2016-07-22', '1', 2, 'LJERNET', 'SMAGSLØGET 45', 'ÅRHUS', '', '8200', 'DINAMARCA'),
(10603, 71, 8, '2016-07-18', '2016-08-15', '2016-08-08', '1', 48, 'SAVE-A-LOT MARKETS', '187 SUFFOLK LN.', 'BOISE', 'ID', '83720', 'ESTADOS UNIDOS'),
(10604, 28, 1, '2016-07-18', '2016-08-15', '2016-07-29', '1', 7, 'FURIA BACALHAU E FRUTOS DO MAR', 'JARDIM DAS ROSAS N. 32', 'LISBOA', '', '1675', 'PORTUGAL'),
(10605, 51, 1, '2016-07-21', '2016-08-18', '2016-07-29', '1', 379, 'MÈRE PAILLARDE', '43 RUE ST. LAURENT', 'MONTREAL', 'QUEBEC', 'H1J 1C3', 'CANADA'),
(10606, 81, 4, '2016-07-22', '2016-08-19', '2016-07-31', '1', 79, 'TRADIÇÃO HIPERMERCADOS', 'AV. INÊS DE CASTRO, 414', 'SÃO PAULO', 'SP', '05634-030', 'BRASIL'),
(10607, 71, 5, '2016-07-22', '2016-08-19', '2016-07-25', '1', 200, 'SAVE-A-LOT MARKETS', '187 SUFFOLK LN.', 'BOISE', 'ID', '83720', 'ESTADOS UNIDOS'),
(10608, 79, 4, '2016-07-23', '2016-08-20', '2016-08-01', '1', 27, 'TOMS SPEZIALITÄTEN', 'LUISENSTR. 48', 'MÜNSTER', '', '44087', 'ALEMANIA'),
(10609, 18, 7, '2016-07-24', '2016-08-21', '2016-07-30', '1', 1, 'DU MONDE ENTIER', '67, RUE DES CINQUANTE OTAGES', 'NANTES', '', '44000', 'FRANCIA'),
(10610, 41, 8, '2016-07-25', '2016-08-22', '2016-08-06', '1', 26, 'LA MAISON DASIE', '1 RUE ALSACE-LORRAINE', 'TOULOUSE', '', '31000', 'FRANCIA'),
(10611, 91, 6, '2016-07-25', '2016-08-22', '2016-08-01', '1', 80, 'WOLSKI ZAJAZD', 'UL. FILTROWA 68', 'WARSZAWA', '', '01-012', 'POLONIA'),
(10612, 71, 1, '2016-07-28', '2016-08-25', '2016-08-01', '1', 544, 'SAVE-A-LOT MARKETS', '187 SUFFOLK LN.', 'BOISE', 'ID', '83720', 'ESTADOS UNIDOS'),
(10613, 35, 4, '2016-07-29', '2016-08-26', '2016-08-01', '1', 8, 'HILARION-ABASTOS', 'CARRERA 22 CON AVE. CARLOS SOUBLETTE #8-35', 'SAN CRISTOBAL', 'TACHIRA', '5022', 'VENEZUELA'),
(10614, 6, 8, '2016-07-29', '2016-08-26', '2016-08-01', '1', 1, 'BLAUER SEE DELIKATESSEN', 'FORSTERSTR. 57', 'MANNHEIM', '', '68306', 'ALEMANIA'),
(10615, 90, 2, '2016-07-30', '2016-08-27', '2016-08-06', '1', 0, 'WILMAN KALA', 'KESKUSKATU 45', 'HELSINKI', '', '21240', 'FINLANDIA'),
(10616, 32, 1, '2016-07-31', '2016-08-28', '2016-08-05', '1', 116, 'GREAT LAKES FOOD MARKET', '2732 BAKER BLVD.', 'EUGENE', 'OR', '97403', 'ESTADOS UNIDOS'),
(10617, 32, 4, '2016-07-31', '2016-08-28', '2016-08-04', '1', 18, 'GREAT LAKES FOOD MARKET', '2732 BAKER BLVD.', 'EUGENE', 'OR', '97403', 'ESTADOS UNIDOS'),
(10618, 51, 1, '2016-08-01', '2016-09-12', '2016-08-08', '1', 154, 'MÈRE PAILLARDE', '43 RUE ST. LAURENT', 'MONTREAL', 'QUEBEC', 'H1J 1C3', 'CANADA'),
(10619, 51, 3, '2016-08-04', '2016-09-01', '2016-08-07', '1', 91, 'MÈRE PAILLARDE', '43 RUE ST. LAURENT', 'MONTREAL', 'QUEBEC', 'H1J 1C3', 'CANADA'),
(10620, 42, 2, '2016-08-05', '2016-09-02', '2016-08-14', '1', 0, 'LAUGHING BACCHUS WINE CELLARS', '2319 ELM ST.', 'VANCOUVER', 'BC', 'V3F 2K1', 'CANADA'),
(10621, 38, 4, '2016-08-05', '2016-09-02', '2016-08-11', '1', 23, 'ISLAND TRADING', 'GARDEN HOUSERNCROWTHER WAY', 'COWES', 'ISLE OF WIGHT', 'PO31 7PJ', 'REINO UNIDO'),
(10622, 67, 4, '2016-08-06', '2016-09-03', '2016-08-11', '1', 50, 'DO ADOCICADOS', 'AV. COPACABANA, 267', 'RIO DE JANEIRO', 'RJ', '02389-890', 'BRASIL'),
(10623, 25, 8, '2016-08-07', '2016-09-04', '2016-08-12', '1', 97, 'ENVERSAND', 'BERLINER PLATZ 43', 'MÜNCHEN', '', '80805', 'ALEMANIA'),
(10624, 78, 4, '2016-08-07', '2016-09-04', '2016-08-19', '1', 94, 'THE CRACKER BOX', '55 GRIZZLY PEAK RD.', 'BUTTE', 'MT', '59801', 'ESTADOS UNIDOS'),
(10625, 2, 3, '2016-08-08', '2016-09-05', '2016-08-14', '1', 43, 'ANA TRUJILLO EMPAREDADOS Y HELADOS', 'AVDA. DE LA CONSTITUCION 2222', 'MEXICO D.F.', '', '05021', 'MEXICO'),
(10626, 5, 1, '2016-08-11', '2016-09-08', '2016-08-20', '1', 138, 'BERGLUNDS SNABBKÖP', 'BERGUVSVÄGEN  8', 'LULEÅ', '', 'S-958 22', 'SUECIA'),
(10627, 71, 8, '2016-08-11', '2016-09-22', '2016-08-21', '1', 107, 'SAVE-A-LOT MARKETS', '187 SUFFOLK LN.', 'BOISE', 'ID', '83720', 'ESTADOS UNIDOS'),
(10628, 7, 4, '2016-08-12', '2016-09-09', '2016-08-20', '1', 30, 'BLONDEL PÈRE ET FILS', '24, PLACE KLEBER', 'STRASBOURG', '', '67000', 'FRANCIA'),
(10629, 30, 4, '2016-08-12', '2016-09-09', '2016-08-20', '1', 85, 'COCINA TIPICA', 'C/ ROMERO, 33', 'SEVILLA', '', '41101', 'ESPAÑA'),
(10630, 39, 1, '2016-08-13', '2016-09-10', '2016-08-19', '1', 32, 'KÖNIGLICH ESSEN', 'MAUBELSTR. 90', 'BRANDENBURG', '', '14776', 'ALEMANIA'),
(10631, 41, 8, '2016-08-14', '2016-09-11', '2016-08-15', '1', 0, 'LA MAISON DASIE', '1 RUE ALSACE-LORRAINE', 'TOULOUSE', '', '31000', 'FRANCIA'),
(10632, 86, 8, '2016-08-14', '2016-09-11', '2016-08-19', '1', 41, 'DIE WANDERNDE KUH', 'ADENAUERALLEE 900', 'STUTTGART', '', '70563', 'ALEMANIA'),
(10633, 20, 7, '2016-08-15', '2016-09-12', '2016-08-18', '1', 477, 'ERNST HANDEL', 'KIRCHGASSE 6', 'GRAZ', '', '8010', 'AUSTRIA'),
(10634, 23, 4, '2016-08-15', '2016-09-12', '2016-08-21', '1', 487, 'FOLIES GOURMANDES', '184, CHAUSSEE DE TOURNAI', 'LILLE', '', '59000', 'FRANCIA'),
(10635, 49, 8, '2016-08-18', '2016-09-15', '2016-08-21', '1', 47, 'MAGAZZINI ALIMENTARI RIUNITI', 'VIA LUDOVICO IL MORO 22', 'BERGAMO', '', '24100', 'ITALIA'),
(10636, 87, 4, '2016-08-19', '2016-09-16', '2016-08-26', '1', 1, 'WARTIAN HERKKU', 'TORIKATU 38', 'OULU', '', '90110', 'FINLANDIA'),
(10637, 62, 6, '2016-08-19', '2016-09-16', '2016-08-26', '1', 201, 'COZINHA', 'ALAMEDA DOS CANÀRIOS, 891', 'SÃO PAULO', 'SP', '05487-020', 'BRASIL'),
(10638, 47, 3, '2016-08-20', '2016-09-17', '2016-09-01', '1', 158, 'LINO-DELICATESES', 'AVE. 5 DE MAYO PORLAMAR', 'I. DE MARGARITA', 'NUEVA ESPARTA', '4980', 'VENEZUELA'),
(10639, 70, 7, '2016-08-20', '2016-09-17', '2016-08-27', '1', 38, 'SANTE GOURMET', 'ERLING SKAKKES GATE 78', 'STAVERN', '', '4110', 'NORUEGA'),
(10640, 86, 4, '2016-08-21', '2016-09-18', '2016-08-28', '1', 23, 'DIE WANDERNDE KUH', 'ADENAUERALLEE 900', 'STUTTGART', '', '70563', 'ALEMANIA'),
(10641, 35, 4, '2016-08-22', '2016-09-19', '2016-08-26', '1', 179, 'HILARION-ABASTOS', 'CARRERA 22 CON AVE. CARLOS SOUBLETTE #8-35', 'SAN CRISTOBAL', 'TACHIRA', '5022', 'VENEZUELA'),
(10642, 73, 7, '2016-08-22', '2016-09-19', '2016-09-05', '1', 41, 'SIMONS BISTRO', 'VINBÆLTET 34', 'KØBENHAVN', '', '1734', 'DINAMARCA'),
(10643, 1, 6, '2016-08-25', '2016-09-22', '2016-09-02', '1', 29, 'ALFREDS FUTTERKISTE', 'OBERE STR. 57', 'BERLIN', '', '12209', 'ALEMANIA'),
(10644, 88, 3, '2016-08-25', '2016-09-22', '2016-09-01', '1', 0, 'NGTON IMPORTADORA', 'RUA DO MERCADO, 12', 'RESENDE', 'SP', '08737-363', 'BRASIL'),
(10645, 34, 4, '2016-08-26', '2016-09-23', '2016-09-02', '1', 12, 'I CARNES', 'RUA DO PAÇO, 67', 'RIO DE JANEIRO', 'RJ', '05454-876', 'BRASIL'),
(10646, 37, 9, '2016-08-27', '2016-10-08', '2016-09-03', '1', 142, 'HUNGRY OWL ALL-NIGHT GROCERS', '8 JOHNSTOWN ROAD', 'CORK', 'CO. CORK', '', 'IRLANDA'),
(10647, 61, 4, '2016-08-27', '2016-09-10', '2016-09-03', '1', 45, 'QUE DELICIA', 'RUA DA PANIFICADORA, 12', 'RIO DE JANEIRO', 'RJ', '02389-673', 'BRASIL'),
(10648, 67, 5, '2016-08-28', '2016-10-09', '2016-09-09', '1', 14, 'DO ADOCICADOS', 'AV. COPACABANA, 267', 'RIO DE JANEIRO', 'RJ', '02389-890', 'BRASIL'),
(10649, 50, 5, '2016-08-28', '2016-09-25', '2016-08-29', '1', 6, 'MAISON DEWEY', 'RUE JOSEPH-BENS 532', 'BRUXELLES', '', 'B-1180', 'BELGICA'),
(10650, 21, 5, '2016-08-29', '2016-09-26', '2016-09-03', '1', 176, 'FAMILIA ARQUIBALDO', 'RUA OROS, 92', 'SÃO PAULO', 'SP', '05442-030', 'BRASIL'),
(10651, 86, 8, '2016-09-01', '2016-09-29', '2016-09-11', '1', 20, 'DIE WANDERNDE KUH', 'ADENAUERALLEE 900', 'STUTTGART', '', '70563', 'ALEMANIA'),
(10652, 31, 4, '2016-09-01', '2016-09-29', '2016-09-08', '1', 7, 'GOURMET LANCHONETES', 'AV. BRASIL, 442', 'CAMPINAS', 'SP', '04876-786', 'BRASIL'),
(10653, 25, 1, '2016-09-02', '2016-09-30', '2016-09-19', '1', 93, 'ENVERSAND', 'BERLINER PLATZ 43', 'MÜNCHEN', '', '80805', 'ALEMANIA'),
(10654, 5, 5, '2016-09-02', '2016-09-30', '2016-09-11', '1', 55, 'BERGLUNDS SNABBKÖP', 'BERGUVSVÄGEN  8', 'LULEÅ', '', 'S-958 22', 'SUECIA'),
(10655, 66, 1, '2016-09-03', '2016-10-01', '2016-09-11', '1', 4, 'REGGIANI CASEIFICI', 'STRADA PROVINCIALE 124', 'REGGIO EMILIA', '', '42100', 'ITALIA'),
(10656, 32, 6, '2016-09-04', '2016-10-02', '2016-09-10', '1', 57, 'GREAT LAKES FOOD MARKET', '2732 BAKER BLVD.', 'EUGENE', 'OR', '97403', 'ESTADOS UNIDOS'),
(10657, 71, 2, '2016-09-04', '2016-10-02', '2016-09-15', '1', 352, 'SAVE-A-LOT MARKETS', '187 SUFFOLK LN.', 'BOISE', 'ID', '83720', 'ESTADOS UNIDOS'),
(10658, 63, 4, '2016-09-05', '2016-10-03', '2016-09-08', '1', 364, 'STOP', 'TAUCHERSTRAßE 10', 'CUNEWALDE', '', '01307', 'ALEMANIA'),
(10659, 62, 7, '2016-09-05', '2016-10-03', '2016-09-10', '1', 105, 'COZINHA', 'ALAMEDA DOS CANÀRIOS, 891', 'SÃO PAULO', 'SP', '05487-020', 'BRASIL'),
(10660, 36, 8, '2016-09-08', '2016-10-06', '2016-10-15', '1', 111, 'HUNGRY COYOTE IMPORT STORE', 'CITY CENTER PLAZARN516 MAIN ST.', 'ELGIN', 'OR', '97827', 'ESTADOS UNIDOS'),
(10661, 37, 7, '2016-09-09', '2016-10-07', '2016-09-15', '1', 17, 'HUNGRY OWL ALL-NIGHT GROCERS', '8 JOHNSTOWN ROAD', 'CORK', 'CO. CORK', '', 'IRLANDA'),
(10662, 48, 3, '2016-09-09', '2016-10-07', '2016-09-18', '1', 1, 'LONESOME PINE RESTAURANT', '89 CHIAROSCURO RD.', 'PORTLAND', 'OR', '97219', 'ESTADOS UNIDOS'),
(10663, 9, 2, '2016-09-10', '2016-09-24', '2016-10-03', '1', 113, 'BON APP', '12, RUE DES BOUCHERS', 'MARSEILLE', '', '13008', 'FRANCIA'),
(10664, 28, 1, '2016-09-10', '2016-10-08', '2016-09-19', '1', 1, 'FURIA BACALHAU E FRUTOS DO MAR', 'JARDIM DAS ROSAS N. 32', 'LISBOA', '', '1675', 'PORTUGAL'),
(10665, 48, 1, '2016-09-11', '2016-10-09', '2016-09-17', '1', 26, 'LONESOME PINE RESTAURANT', '89 CHIAROSCURO RD.', 'PORTLAND', 'OR', '97219', 'ESTADOS UNIDOS'),
(10666, 68, 7, '2016-09-12', '2016-10-10', '2016-09-22', '1', 232, 'RICHTER SUPERMARKT', 'STARENWEG 5', 'GENÈVE', '', '1204', 'SUIZA'),
(10667, 20, 7, '2016-09-12', '2016-10-10', '2016-09-19', '1', 78, 'ERNST HANDEL', 'KIRCHGASSE 6', 'GRAZ', '', '8010', 'AUSTRIA'),
(10668, 86, 1, '2016-09-15', '2016-10-13', '2016-09-23', '1', 47, 'DIE WANDERNDE KUH', 'ADENAUERALLEE 900', 'STUTTGART', '', '70563', 'ALEMANIA'),
(10669, 73, 2, '2016-09-15', '2016-10-13', '2016-09-22', '1', 24, 'SIMONS BISTRO', 'VINBÆLTET 34', 'KØBENHAVN', '', '1734', 'DINAMARCA'),
(10670, 25, 4, '2016-09-16', '2016-10-14', '2016-09-18', '1', 203, 'ENVERSAND', 'BERLINER PLATZ 43', 'MÜNCHEN', '', '80805', 'ALEMANIA'),
(10671, 26, 1, '2016-09-17', '2016-10-15', '2016-09-24', '1', 30, 'FRANCE RESTAURATION', '54, RUE ROYALE', 'NANTES', '', '44000', 'FRANCIA'),
(10672, 5, 9, '2016-09-17', '2016-10-01', '2016-09-26', '1', 95, 'BERGLUNDS SNABBKÖP', 'BERGUVSVÄGEN  8', 'LULEÅ', '', 'S-958 22', 'SUECIA'),
(10673, 90, 2, '2016-09-18', '2016-10-16', '2016-09-19', '1', 22, 'WILMAN KALA', 'KESKUSKATU 45', 'HELSINKI', '', '21240', 'FINLANDIA'),
(10674, 38, 4, '2016-09-18', '2016-10-16', '2016-09-30', '1', 0, 'ISLAND TRADING', 'GARDEN HOUSERNCROWTHER WAY', 'COWES', 'ISLE OF WIGHT', 'PO31 7PJ', 'REINO UNIDO'),
(10675, 25, 5, '2016-09-19', '2016-10-17', '2016-09-23', '1', 31, 'ENVERSAND', 'BERLINER PLATZ 43', 'MÜNCHEN', '', '80805', 'ALEMANIA'),
(10676, 80, 2, '2016-09-22', '2016-10-20', '2016-09-29', '1', 2, 'GA RESTAURANTE', 'AVDA. AZTECA 123', 'MEXICO D.F.', '', '05033', 'MEXICO'),
(10677, 3, 1, '2016-09-22', '2016-10-20', '2016-09-26', '1', 4, 'IO MORENO TAQUERIA', 'MATADEROS  2312', 'MEXICO D.F.', '', '05023', 'MEXICO'),
(10678, 71, 7, '2016-09-23', '2016-10-21', '2016-10-16', '1', 388, 'SAVE-A-LOT MARKETS', '187 SUFFOLK LN.', 'BOISE', 'ID', '83720', 'ESTADOS UNIDOS'),
(10679, 7, 8, '2016-09-23', '2016-10-21', '2016-09-30', '1', 27, 'BLONDEL PÈRE ET FILS', '24, PLACE KLEBER', 'STRASBOURG', '', '67000', 'FRANCIA'),
(10680, 55, 1, '2016-09-24', '2016-10-22', '2016-09-26', '1', 26, 'OLD WORLD DELICATESSEN', '2743 BERING ST.', 'ANCHORAGE', 'AK', '99508', 'ESTADOS UNIDOS'),
(10681, 32, 3, '2016-09-25', '2016-10-23', '2016-09-30', '1', 76, 'GREAT LAKES FOOD MARKET', '2732 BAKER BLVD.', 'EUGENE', 'OR', '97403', 'ESTADOS UNIDOS'),
(10682, 3, 3, '2016-09-25', '2016-10-23', '2016-10-01', '1', 36, 'IO MORENO TAQUERIA', 'MATADEROS  2312', 'MEXICO D.F.', '', '05023', 'MEXICO'),
(10683, 18, 2, '2016-09-26', '2016-10-24', '2016-10-01', '1', 4, 'DU MONDE ENTIER', '67, RUE DES CINQUANTE OTAGES', 'NANTES', '', '44000', 'FRANCIA'),
(10684, 56, 3, '2016-09-26', '2016-10-24', '2016-09-30', '1', 145, 'OTTILIES KÄSELADEN', 'MEHRHEIMERSTR. 369', 'KÖLN', '', '50739', 'ALEMANIA'),
(10685, 31, 4, '2016-09-29', '2016-10-13', '2016-10-03', '1', 33, 'GOURMET LANCHONETES', 'AV. BRASIL, 442', 'CAMPINAS', 'SP', '04876-786', 'BRASIL'),
(10686, 59, 2, '2016-09-30', '2016-10-28', '2016-10-08', '1', 96, 'LO UND MEHR', 'GEISLWEG 14', 'SALZBURG', '', '5020', 'AUSTRIA'),
(10687, 37, 9, '2016-09-30', '2016-10-28', '2016-10-30', '1', 296, 'HUNGRY OWL ALL-NIGHT GROCERS', '8 JOHNSTOWN ROAD', 'CORK', 'CO. CORK', '', 'IRLANDA'),
(10688, 83, 4, '2016-10-01', '2016-10-15', '2016-10-07', '1', 299, 'LJERNET', 'SMAGSLØGET 45', 'ÅRHUS', '', '8200', 'DINAMARCA'),
(10689, 5, 1, '2016-10-01', '2016-10-29', '2016-10-07', '1', 13, 'BERGLUNDS SNABBKÖP', 'BERGUVSVÄGEN  8', 'LULEÅ', '', 'S-958 22', 'SUECIA'),
(10690, 34, 1, '2016-10-02', '2016-10-30', '2016-10-03', '1', 15, 'CI CARNES', 'RUA DO PAÇO, 67', 'RIO DE JANEIRO', 'RJ', '05454-876', 'BRASIL'),
(10691, 63, 2, '2016-10-03', '2016-11-14', '2016-10-22', '1', 810, 'STOP', 'TAUCHERSTRAßE 10', 'CUNEWALDE', '', '01307', 'ALEMANIA'),
(10692, 1, 4, '2016-10-03', '2016-10-31', '2016-10-13', '1', 61, 'ALFREDS FUTTERKISTE', 'OBERE STR. 57', 'BERLIN', '', '12209', 'ALEMANIA'),
(10693, 89, 3, '2016-10-06', '2016-10-20', '2016-10-10', '1', 139, 'WHITE CLOVER MARKETS', '1029 - 12TH AVE. S.', 'SEATTLE', 'WA', '98124', 'ESTADOS UNIDOS'),
(10694, 63, 8, '2016-10-06', '2016-11-03', '2016-10-09', '1', 398, 'STOP', 'TAUCHERSTRAßE 10', 'CUNEWALDE', '', '01307', 'ALEMANIA'),
(10695, 90, 7, '2016-10-07', '2016-11-18', '2016-10-14', '1', 16, 'WILMAN KALA', 'KESKUSKATU 45', 'HELSINKI', '', '21240', 'FINLANDIA'),
(10696, 89, 8, '2016-10-08', '2016-11-19', '2016-10-14', '1', 102, 'WHITE CLOVER MARKETS', '1029 - 12TH AVE. S.', 'SEATTLE', 'WA', '98124', 'ESTADOS UNIDOS'),
(10697, 47, 3, '2016-10-08', '2016-11-05', '2016-10-14', '1', 45, 'LINO-DELICATESES', 'AVE. 5 DE MAYO PORLAMAR', 'I. DE MARGARITA', 'NUEVA ESPARTA', '4980', 'VENEZUELA'),
(10698, 20, 4, '2016-10-09', '2016-11-06', '2016-10-17', '1', 272, 'ERNST HANDEL', 'KIRCHGASSE 6', 'GRAZ', '', '8010', 'AUSTRIA'),
(10699, 52, 3, '2016-10-09', '2016-11-06', '2016-10-13', '1', 0, 'MORGENSTERN GESUNDKOST', 'HEERSTR. 22', 'LEIPZIG', '', '04179', 'ALEMANIA'),
(10700, 71, 3, '2016-10-10', '2016-11-07', '2016-10-16', '1', 65, 'SAVE-A-LOT MARKETS', '187 SUFFOLK LN.', 'BOISE', 'ID', '83720', 'ESTADOS UNIDOS'),
(10701, 37, 6, '2016-10-13', '2016-10-27', '2016-10-15', '1', 220, 'HUNGRY OWL ALL-NIGHT GROCERS', '8 JOHNSTOWN ROAD', 'CORK', 'CO. CORK', '', 'IRLANDA'),
(10702, 1, 4, '2016-10-13', '2016-11-24', '2016-10-21', '1', 23, 'ALFREDS FUTTERKISTE', 'OBERE STR. 57', 'BERLIN', '', '12209', 'ALEMANIA'),
(10703, 24, 6, '2016-10-14', '2016-11-11', '2016-10-20', '1', 152, 'FOLK OCH FÄ HB', 'ÅKERGATAN 24', 'BRÄCKE', '', 'S-844 67', 'SUECIA'),
(10704, 62, 6, '2016-10-14', '2016-11-11', '2016-11-07', '1', 4, 'COZINHA', 'ALAMEDA DOS CANÀRIOS, 891', 'SÃO PAULO', 'SP', '05487-020', 'BRASIL'),
(10705, 35, 9, '2016-10-15', '2016-11-12', '2016-11-18', '1', 3, 'HILARION-ABASTOS', 'CARRERA 22 CON AVE. CARLOS SOUBLETTE #8-35', 'SAN CRISTOBAL', 'TACHIRA', '5022', 'VENEZUELA'),
(10706, 55, 8, '2016-10-16', '2016-11-13', '2016-10-21', '1', 135, 'OLD WORLD DELICATESSEN', '2743 BERING ST.', 'ANCHORAGE', 'AK', '99508', 'ESTADOS UNIDOS'),
(10707, 4, 4, '2016-10-16', '2016-10-30', '2016-10-23', '1', 21, 'AROUND THE HORN', 'BROOK FARMRNSTRATFORD ST. MARY', 'COLCHESTER', 'ESSEX', 'CO7 6JX', 'REINO UNIDO'),
(10708, 77, 6, '2016-10-17', '2016-11-28', '2016-11-05', '1', 2, 'THE BIG CHEESE', '89 JEFFERSON WAYRNSUITE 2', 'PORTLAND', 'OR', '97201', 'ESTADOS UNIDOS'),
(10709, 31, 1, '2016-10-17', '2016-11-14', '2016-11-20', '1', 210, 'GOURMET LANCHONETES', 'AV. BRASIL, 442', 'CAMPINAS', 'SP', '04876-786', 'BRASIL'),
(10710, 27, 1, '2016-10-20', '2016-11-17', '2016-10-23', '1', 4, 'FI S.P.A.', 'VIA MONTE BIANCO 34', 'TORINO', '', '10100', 'ITALIA'),
(10711, 71, 5, '2016-10-21', '2016-12-02', '2016-10-29', '1', 52, 'SAVE-A-LOT MARKETS', '187 SUFFOLK LN.', 'BOISE', 'ID', '83720', 'ESTADOS UNIDOS'),
(10712, 37, 3, '2016-10-21', '2016-11-18', '2016-10-31', '1', 89, 'HUNGRY OWL ALL-NIGHT GROCERS', '8 JOHNSTOWN ROAD', 'CORK', 'CO. CORK', '', 'IRLANDA'),
(10713, 71, 1, '2016-10-22', '2016-11-19', '2016-10-24', '1', 167, 'SAVE-A-LOT MARKETS', '187 SUFFOLK LN.', 'BOISE', 'ID', '83720', 'ESTADOS UNIDOS'),
(10714, 71, 5, '2016-10-22', '2016-11-19', '2016-10-27', '1', 24, 'SAVE-A-LOT MARKETS', '187 SUFFOLK LN.', 'BOISE', 'ID', '83720', 'ESTADOS UNIDOS'),
(10715, 9, 3, '2016-10-23', '2016-11-06', '2016-10-29', '1', 63, 'BON APP', '12, RUE DES BOUCHERS', 'MARSEILLE', '', '13008', 'FRANCIA'),
(10716, 64, 4, '2016-10-24', '2016-11-21', '2016-10-27', '1', 22, 'GRANDE', 'AV. DEL LIBERTADOR 900', 'BUENOS AIRES', '', '1010', 'ARGENTINA'),
(10717, 25, 1, '2016-10-24', '2016-11-21', '2016-10-29', '1', 59, 'ENVERSAND', 'BERLINER PLATZ 43', 'MÜNCHEN', '', '80805', 'ALEMANIA'),
(10718, 39, 1, '2016-10-27', '2016-11-24', '2016-10-29', '1', 170, 'KÖNIGLICH ESSEN', 'MAUBELSTR. 90', 'BRANDENBURG', '', '14776', 'ALEMANIA'),
(10719, 45, 8, '2016-10-27', '2016-11-24', '2016-11-05', '1', 51, 'LETS STOP N SHOP', '87 POLK ST.RNSUITE 5', 'SAN FRANCISCO', 'CA', '94117', 'ESTADOS UNIDOS'),
(10720, 61, 8, '2016-10-28', '2016-11-11', '2016-11-05', '1', 9, 'QUE DELICIA', 'RUA DA PANIFICADORA, 12', 'RIO DE JANEIRO', 'RJ', '02389-673', 'BRASIL'),
(10721, 63, 5, '2016-10-29', '2016-11-26', '2016-10-31', '1', 48, 'STOP', 'TAUCHERSTRAßE 10', 'CUNEWALDE', '', '01307', 'ALEMANIA'),
(10722, 71, 8, '2016-10-29', '2016-12-10', '2016-11-04', '1', 74, 'SAVE-A-LOT MARKETS', '187 SUFFOLK LN.', 'BOISE', 'ID', '83720', 'ESTADOS UNIDOS'),
(10723, 89, 3, '2016-10-30', '2016-11-27', '2016-11-25', '1', 21, 'WHITE CLOVER MARKETS', '1029 - 12TH AVE. S.', 'SEATTLE', 'WA', '98124', 'ESTADOS UNIDOS'),
(10724, 51, 8, '2016-10-30', '2016-12-11', '2016-11-05', '1', 57, 'MÈRE PAILLARDE', '43 RUE ST. LAURENT', 'MONTREAL', 'QUEBEC', 'H1J 1C3', 'CANADA'),
(10725, 21, 4, '2016-10-31', '2016-11-28', '2016-11-05', '1', 10, 'FAMILIA ARQUIBALDO', 'RUA OROS, 92', 'SÃO PAULO', 'SP', '05442-030', 'BRASIL'),
(10726, 19, 4, '2016-11-03', '2016-11-17', '2016-12-05', '1', 16, 'EASTERN CONNECTION', '35 KING GEORGE', 'LONDON', '', 'WX3 6FW', 'REINO UNIDO'),
(10727, 66, 2, '2016-11-03', '2016-12-01', '2016-12-05', '1', 89, 'REGGIANI CASEIFICI', 'STRADA PROVINCIALE 124', 'REGGIO EMILIA', '', '42100', 'ITALIA'),
(10728, 62, 4, '2016-11-04', '2016-12-02', '2016-11-11', '1', 58, 'COZINHA', 'ALAMEDA DOS CANÀRIOS, 891', 'SÃO PAULO', 'SP', '05487-020', 'BRASIL'),
(10729, 47, 8, '2016-11-04', '2016-12-16', '2016-11-14', '1', 141, 'LINO-DELICATESES', 'AVE. 5 DE MAYO PORLAMAR', 'I. DE MARGARITA', 'NUEVA ESPARTA', '4980', 'VENEZUELA'),
(10730, 9, 5, '2016-11-05', '2016-12-03', '2016-11-14', '1', 20, 'BON APP', '12, RUE DES BOUCHERS', 'MARSEILLE', '', '13008', 'FRANCIA'),
(10731, 14, 7, '2016-11-06', '2016-12-04', '2016-11-14', '1', 96, 'CHOP-SUEY CHINESE', 'HAUPTSTR. 31', 'BERN', '', '3012', 'SUIZA'),
(10732, 9, 3, '2016-11-06', '2016-12-04', '2016-11-07', '1', 16, 'BON APP', '12, RUE DES BOUCHERS', 'MARSEILLE', '', '13008', 'FRANCIA'),
(10733, 5, 1, '2016-11-07', '2016-12-05', '2016-11-10', '1', 110, 'BERGLUNDS SNABBKÖP', 'BERGUVSVÄGEN  8', 'LULEÅ', '', 'S-958 22', 'SUECIA'),
(10734, 31, 2, '2016-11-07', '2016-12-05', '2016-11-12', '1', 1, 'GOURMET LANCHONETES', 'AV. BRASIL, 442', 'CAMPINAS', 'SP', '04876-786', 'BRASIL'),
(10735, 45, 6, '2016-11-10', '2016-12-08', '2016-11-21', '1', 45, 'LETS STOP N SHOP', '87 POLK ST.RNSUITE 5', 'SAN FRANCISCO', 'CA', '94117', 'ESTADOS UNIDOS'),
(10736, 37, 9, '2016-11-11', '2016-12-09', '2016-11-21', '1', 44, 'HUNGRY OWL ALL-NIGHT GROCERS', '8 JOHNSTOWN ROAD', 'CORK', 'CO. CORK', '', 'IRLANDA'),
(10737, 85, 2, '2016-11-11', '2016-12-09', '2016-11-18', '1', 7, 'VINS ET ALCOOLS CHEVALIER', '59 RUE DE LABBAYE', 'REIMS', '', '51100', 'FRANCIA'),
(10738, 64, 2, '2016-11-12', '2016-12-10', '2016-11-18', '1', 2, 'SPECIALITES DU MONDE', '25, RUE LAURISTON', '57', '', '75016', 'FRANCIA'),
(10739, 85, 3, '2016-11-12', '2016-12-10', '2016-11-17', '1', 11, 'VINS ET ALCOOLS CHEVALIER', '59 RUE DE LABBAYE', 'REIMS', '', '51100', 'FRANCIA'),
(10740, 89, 4, '2016-11-13', '2016-12-11', '2016-11-25', '1', 81, 'WHITE CLOVER MARKETS', '1029 - 12TH AVE. S.', 'SEATTLE', 'WA', '98124', 'ESTADOS UNIDOS'),
(10741, 5, 4, '2016-11-14', '2016-11-28', '2016-11-18', '1', 10, 'BERGLUNDS SNABBKÖP', 'BERGUVSVÄGEN  8', 'LULEÅ', '', 'S-958 22', 'SUECIA'),
(10742, 10, 3, '2016-11-14', '2016-12-12', '2016-11-18', '1', 243, 'BOTTOM-DOLLAR MARKETS', '23 TSAWASSEN BLVD.', 'TSAWASSEN', 'BC', 'T2F 8M4', 'CANADA'),
(10743, 4, 1, '2016-11-17', '2016-12-15', '2016-11-21', '1', 23, 'AROUND THE HORN', 'BROOK FARMRNSTRATFORD ST. MARY', 'COLCHESTER', 'ESSEX', 'CO7 6JX', 'REINO UNIDO'),
(10744, 83, 6, '2016-11-17', '2016-12-15', '2016-11-24', '1', 69, 'LJERNET', 'SMAGSLØGET 45', 'ÅRHUS', '', '8200', 'DINAMARCA'),
(10745, 63, 9, '2016-11-18', '2016-12-16', '2016-11-27', '1', 3, 'STOP', 'TAUCHERSTRAßE 10', 'CUNEWALDE', '', '01307', 'ALEMANIA'),
(10746, 14, 1, '2016-11-19', '2016-12-17', '2016-11-21', '1', 31, 'CHOP-SUEY CHINESE', 'HAUPTSTR. 31', 'BERN', '', '3012', 'SUIZA'),
(10747, 59, 6, '2016-11-19', '2016-12-17', '2016-11-26', '1', 117, 'LO UND MEHR', 'GEISLWEG 14', 'SALZBURG', '', '5020', 'AUSTRIA'),
(10748, 71, 3, '2016-11-20', '2016-12-18', '2016-11-28', '1', 232, 'SAVE-A-LOT MARKETS', '187 SUFFOLK LN.', 'BOISE', 'ID', '83720', 'ESTADOS UNIDOS'),
(10749, 38, 4, '2016-11-20', '2016-12-18', '2016-12-19', '1', 61, 'ISLAND TRADING', 'GARDEN HOUSERNCROWTHER WAY', 'COWES', 'ISLE OF WIGHT', 'PO31 7PJ', 'REINO UNIDO'),
(10750, 87, 9, '2016-11-21', '2016-12-19', '2016-11-24', '1', 79, 'WARTIAN HERKKU', 'TORIKATU 38', 'OULU', '', '90110', 'FINLANDIA'),
(10751, 68, 3, '2016-11-24', '2016-12-22', '2016-12-03', '1', 130, 'RICHTER SUPERMARKT', 'STARENWEG 5', 'GENÈVE', '', '1204', 'SUIZA'),
(10752, 53, 2, '2016-11-24', '2016-12-22', '2016-11-28', '1', 1, 'NORTH/SOUTH', 'SOUTH HOUSERN300 62SBRIDGE', 'LONDON', '', 'SW7 1RZ', 'REINO UNIDO'),
(10753, 27, 3, '2016-11-25', '2016-12-23', '2016-11-27', '1', 7, 'FI S.P.A.', 'VIA MONTE BIANCO 34', 'TORINO', '', '10100', 'ITALIA'),
(10754, 49, 6, '2016-11-25', '2016-12-23', '2016-11-27', '1', 2, 'MAGAZZINI ALIMENTARI RIUNITI', 'VIA LUDOVICO IL MORO 22', 'BERGAMO', '', '24100', 'ITALIA'),
(10755, 9, 4, '2016-11-26', '2016-12-24', '2016-11-28', '1', 16, 'BON APP', '12, RUE DES BOUCHERS', 'MARSEILLE', '', '13008', 'FRANCIA'),
(10756, 75, 8, '2016-11-27', '2016-12-25', '2016-12-02', '1', 73, 'SPLIT RAIL BEER & ALE', 'P.O. BOX 555', 'LANDER', 'WY', '82520', 'ESTADOS UNIDOS'),
(10757, 71, 6, '2016-11-27', '2016-12-25', '2016-12-15', '1', 8, 'SAVE-A-LOT MARKETS', '187 SUFFOLK LN.', 'BOISE', 'ID', '83720', 'ESTADOS UNIDOS'),
(10758, 68, 3, '2016-11-28', '2016-12-26', '2016-12-04', '1', 138, 'RICHTER SUPERMARKT', 'STARENWEG 5', 'GENÈVE', '', '1204', 'SUIZA'),
(10759, 2, 3, '2016-11-28', '2016-12-26', '2016-12-12', '1', 11, 'ANA TRUJILLO EMPAREDADOS Y HELADOS', 'AVDA. DE LA CONSTITUCION 2222', 'MEXICO D.F.', '', '05021', 'MEXICO'),
(10760, 50, 4, '2016-12-01', '2016-12-29', '2016-12-10', '1', 155, 'MAISON DEWEY', 'RUE JOSEPH-BENS 532', 'BRUXELLES', '', 'B-1180', 'BELGICA'),
(10761, 65, 5, '2016-12-02', '2016-12-30', '2016-12-08', '1', 18, 'RATTLESNAKE CANYON GROCERY', '2817 MILTON DR.', 'ALBUQUERQUE', 'NM', '87110', 'ESTADOS UNIDOS'),
(10762, 24, 3, '2016-12-02', '2016-12-30', '2016-12-09', '1', 328, 'FOLK OCH FÄ HB', 'ÅKERGATAN 24', 'BRÄCKE', '', 'S-844 67', 'SUECIA'),
(10763, 23, 3, '2016-12-03', '2016-12-31', '2016-12-08', '1', 37, 'FOLIES GOURMANDES', '184, CHAUSSEE DE TOURNAI', 'LILLE', '', '59000', 'FRANCIA'),
(10764, 20, 6, '2016-12-03', '2016-12-31', '2016-12-08', '1', 145, 'ERNST HANDEL', 'KIRCHGASSE 6', 'GRAZ', '', '8010', 'AUSTRIA'),
(10765, 63, 3, '2016-12-04', '2017-01-01', '2016-12-09', '1', 42, 'STOP', 'TAUCHERSTRAßE 10', 'CUNEWALDE', '', '01307', 'ALEMANIA'),
(10766, 56, 4, '2016-12-05', '2017-01-02', '2016-12-09', '1', 157, 'OTTILIES KÄSELADEN', 'MEHRHEIMERSTR. 369', 'KÖLN', '', '50739', 'ALEMANIA'),
(10767, 76, 4, '2016-12-05', '2017-01-02', '2016-12-15', '1', 1, 'SUPRÊMES DELICES', 'BOULEVARD TIROU, 255', 'CHARLEROI', '', 'B-6000', 'BELGICA'),
(10768, 4, 3, '2016-12-08', '2017-01-05', '2016-12-15', '1', 146, 'AROUND THE HORN', 'BROOK FARMRNSTRATFORD ST. MARY', 'COLCHESTER', 'ESSEX', 'CO7 6JX', 'REINO UNIDO'),
(10769, 83, 3, '2016-12-08', '2017-01-05', '2016-12-12', '1', 65, 'LJERNET', 'SMAGSLØGET 45', 'ÅRHUS', '', '8200', 'DINAMARCA'),
(10770, 34, 8, '2016-12-09', '2017-01-06', '2016-12-17', '1', 5, 'I CARNES', 'RUA DO PAÇO, 67', 'RIO DE JANEIRO', 'RJ', '05454-876', 'BRASIL'),
(10771, 20, 9, '2016-12-10', '2017-01-07', '2017-01-02', '1', 11, 'ERNST HANDEL', 'KIRCHGASSE 6', 'GRAZ', '', '8010', 'AUSTRIA'),
(10772, 44, 3, '2016-12-10', '2017-01-07', '2016-12-19', '1', 91, 'LEHMANNS MARKTSTAND', 'MAGAZINWEG 7', '25FURT A.M.', '', '60528', 'ALEMANIA'),
(10773, 20, 1, '2016-12-11', '2017-01-08', '2016-12-16', '1', 96, 'ERNST HANDEL', 'KIRCHGASSE 6', 'GRAZ', '', '8010', 'AUSTRIA'),
(10774, 24, 4, '2016-12-11', '2016-12-25', '2016-12-12', '1', 48, 'FOLK OCH FÄ HB', 'ÅKERGATAN 24', 'BRÄCKE', '', 'S-844 67', 'SUECIA'),
(10775, 78, 7, '2016-12-12', '2017-01-09', '2016-12-26', '1', 20, 'THE CRACKER BOX', '55 GRIZZLY PEAK RD.', 'BUTTE', 'MT', '59801', 'ESTADOS UNIDOS'),
(10776, 20, 1, '2016-12-15', '2017-01-12', '2016-12-18', '1', 351, 'ERNST HANDEL', 'KIRCHGASSE 6', 'GRAZ', '', '8010', 'AUSTRIA'),
(10777, 31, 7, '2016-12-15', '2016-12-29', '2017-01-21', '1', 3, 'GOURMET LANCHONETES', 'AV. BRASIL, 442', 'CAMPINAS', 'SP', '04876-786', 'BRASIL'),
(10778, 5, 3, '2016-12-16', '2017-01-13', '2016-12-24', '1', 6, 'BERGLUNDS SNABBKÖP', 'BERGUVSVÄGEN  8', 'LULEÅ', '', 'S-958 22', 'SUECIA'),
(10779, 52, 3, '2016-12-16', '2017-01-13', '2017-01-14', '1', 58, 'MORGENSTERN GESUNDKOST', 'HEERSTR. 22', 'LEIPZIG', '', '04179', 'ALEMANIA'),
(10780, 46, 2, '2016-12-16', '2016-12-30', '2016-12-25', '1', 42, 'LILA-SUPERMERCADO', 'CARRERA 52 CON AVE. BOLIVAR #65-98 LLANO LARGO', 'BARQUISIMETO', 'LARA', '3508', 'VENEZUELA'),
(10781, 87, 2, '2016-12-17', '2017-01-14', '2016-12-19', '1', 73, 'WARTIAN HERKKU', 'TORIKATU 38', 'OULU', '', '90110', 'FINLANDIA'),
(10782, 12, 9, '2016-12-17', '2017-01-14', '2016-12-22', '1', 1, 'S COMIDAS PARA LLEVAR', 'CERRITO 333', 'BUENOS AIRES', '', '1010', 'ARGENTINA'),
(10783, 34, 4, '2016-12-18', '2017-01-15', '2016-12-19', '1', 124, 'I CARNES', 'RUA DO PAÇO, 67', 'RIO DE JANEIRO', 'RJ', '05454-876', 'BRASIL'),
(10784, 49, 4, '2016-12-18', '2017-01-15', '2016-12-22', '1', 70, 'MAGAZZINI ALIMENTARI RIUNITI', 'VIA LUDOVICO IL MORO 22', 'BERGAMO', '', '24100', 'ITALIA'),
(10785, 33, 1, '2016-12-18', '2017-01-15', '2016-12-24', '1', 1, 'GROSELLA-RESTAURANTE', '5ª AVE. LOS PALOS GRANDES', 'CARACAS', 'DF', '1081', 'VENEZUELA'),
(10786, 62, 8, '2016-12-19', '2017-01-16', '2016-12-23', '1', 110, 'COZINHA', 'ALAMEDA DOS CANÀRIOS, 891', 'SÃO PAULO', 'SP', '05487-020', 'BRASIL'),
(10787, 41, 2, '2016-12-19', '2017-01-02', '2016-12-26', '1', 249, 'LA MAISON DASIE', '1 RUE ALSACE-LORRAINE', 'TOULOUSE', '', '31000', 'FRANCIA'),
(10788, 63, 1, '2016-12-22', '2017-01-19', '2017-01-19', '1', 42, 'STOP', 'TAUCHERSTRAßE 10', 'CUNEWALDE', '', '01307', 'ALEMANIA'),
(10789, 23, 1, '2016-12-22', '2017-01-19', '2016-12-31', '1', 100, 'FOLIES GOURMANDES', '184, CHAUSSEE DE TOURNAI', 'LILLE', '', '59000', 'FRANCIA'),
(10790, 31, 6, '2016-12-22', '2017-01-19', '2016-12-26', '1', 28, 'GOURMET LANCHONETES', 'AV. BRASIL, 442', 'CAMPINAS', 'SP', '04876-786', 'BRASIL'),
(10791, 25, 6, '2016-12-23', '2017-01-20', '2017-01-01', '1', 16, 'ENVERSAND', 'BERLINER PLATZ 43', 'MÜNCHEN', '', '80805', 'ALEMANIA'),
(10792, 91, 1, '2016-12-23', '2017-01-20', '2016-12-31', '1', 23, 'WOLSKI ZAJAZD', 'UL. FILTROWA 68', 'WARSZAWA', '', '01-012', 'POLONIA'),
(10793, 4, 3, '2016-12-24', '2017-01-21', '2017-01-08', '1', 4, 'AROUND THE HORN', 'BROOK FARMRNSTRATFORD ST. MARY', 'COLCHESTER', 'ESSEX', 'CO7 6JX', 'REINO UNIDO'),
(10794, 61, 6, '2016-12-24', '2017-01-21', '2017-01-02', '1', 21, 'QUE DELICIA', 'RUA DA PANIFICADORA, 12', 'RIO DE JANEIRO', 'RJ', '02389-673', 'BRASIL'),
(10795, 20, 8, '2016-12-24', '2017-01-21', '2017-01-20', '1', 126, 'ERNST HANDEL', 'KIRCHGASSE 6', 'GRAZ', '', '8010', 'AUSTRIA'),
(10796, 35, 3, '2016-12-25', '2017-01-22', '2017-01-14', '1', 26, 'HILARION-ABASTOS', 'CARRERA 22 CON AVE. CARLOS SOUBLETTE #8-35', 'SAN CRISTOBAL', 'TACHIRA', '5022', 'VENEZUELA'),
(10797, 17, 7, '2016-12-25', '2017-01-22', '2017-01-05', '1', 33, 'DRACHENBLUT DELIKATESSEN', 'WALSERWEG 21', 'AACHEN', '', '52066', 'ALEMANIA'),
(10798, 38, 2, '2016-12-26', '2017-01-23', '2017-01-05', '1', 2, 'ISLAND TRADING', 'GARDEN HOUSERNCROWTHER WAY', 'COWES', 'ISLE OF WIGHT', 'PO31 7PJ', 'REINO UNIDO'),
(10799, 39, 9, '2016-12-26', '2017-02-06', '2017-01-05', '1', 30, 'KÖNIGLICH ESSEN', 'MAUBELSTR. 90', 'BRANDENBURG', '', '14776', 'ALEMANIA'),
(10800, 72, 1, '2016-12-26', '2017-01-23', '2017-01-05', '1', 137, 'SEVEN SEAS IMPORTS', '90 WADHURST RD.', 'LONDON', '', 'OX15 4NB', 'REINO UNIDO'),
(10801, 8, 4, '2016-12-29', '2017-01-26', '2016-12-31', '1', 97, 'O COMIDAS PREPARADAS', 'C/ ARAQUIL, 67', 'MADRID', '', '28023', 'ESPAÑA'),
(10802, 73, 4, '2016-12-29', '2017-01-26', '2017-01-02', '1', 257, 'SIMONS BISTRO', 'VINBÆLTET 34', 'KØBENHAVN', '', '1734', 'DINAMARCA'),
(10803, 88, 4, '2016-12-30', '2017-01-27', '2017-01-06', '1', 55, 'NGTON IMPORTADORA', 'RUA DO MERCADO, 12', 'RESENDE', 'SP', '08737-363', 'BRASIL'),
(10804, 72, 6, '2016-12-30', '2017-01-27', '2017-01-07', '1', 27, 'SEVEN SEAS IMPORTS', '90 WADHURST RD.', 'LONDON', '', 'OX15 4NB', 'REINO UNIDO'),
(10805, 77, 2, '2016-12-30', '2017-01-27', '2017-01-09', '1', 237, 'THE BIG CHEESE', '89 JEFFERSON WAYRNSUITE 2', 'PORTLAND', 'OR', '97201', 'ESTADOS UNIDOS'),
(10806, 84, 3, '2016-12-31', '2017-01-28', '2017-01-05', '1', 22, 'VICTUAILLES EN STOCK', '2, RUE DU COMMERCE', 'LYON', '', '69004', 'FRANCIA'),
(10807, 27, 4, '2016-12-31', '2017-01-28', '2017-01-30', '1', 1, 'I S.P.A.', 'VIA MONTE BIANCO 34', 'TORINO', '', '10100', 'ITALIA'),
(10808, 55, 2, '2017-01-01', '2017-01-29', '2017-01-09', '1', 45, 'OLD WORLD DELICATESSEN', '2743 BERING ST.', 'ANCHORAGE', 'AK', '99508', 'ESTADOS UNIDOS'),
(10809, 88, 7, '2017-01-01', '2017-01-29', '2017-01-07', '1', 4, 'NGTON IMPORTADORA', 'RUA DO MERCADO, 12', 'RESENDE', 'SP', '08737-363', 'BRASIL'),
(10810, 42, 2, '2017-01-01', '2017-01-29', '2017-01-07', '1', 4, 'LAUGHING BACCHUS WINE CELLARS', '2319 ELM ST.', 'VANCOUVER', 'BC', 'V3F 2K1', 'CANADA'),
(10811, 47, 8, '2017-01-02', '2017-01-30', '2017-01-08', '1', 31, 'LINO-DELICATESES', 'AVE. 5 DE MAYO PORLAMAR', 'I. DE MARGARITA', 'NUEVA ESPARTA', '4980', 'VENEZUELA'),
(10812, 66, 5, '2017-01-02', '2017-01-30', '2017-01-12', '1', 59, 'REGGIANI CASEIFICI', 'STRADA PROVINCIALE 124', 'REGGIO EMILIA', '', '42100', 'ITALIA'),
(10813, 67, 1, '2017-01-05', '2017-02-02', '2017-01-09', '1', 47, 'DO ADOCICADOS', 'AV. COPACABANA, 267', 'RIO DE JANEIRO', 'RJ', '02389-890', 'BRASIL'),
(10814, 84, 3, '2017-01-05', '2017-02-02', '2017-01-14', '1', 130, 'VICTUAILLES EN STOCK', '2, RUE DU COMMERCE', 'LYON', '', '69004', 'FRANCIA'),
(10815, 71, 2, '2017-01-05', '2017-02-02', '2017-01-14', '1', 14, 'SAVE-A-LOT MARKETS', '187 SUFFOLK LN.', 'BOISE', 'ID', '83720', 'ESTADOS UNIDOS'),
(10816, 32, 4, '2017-01-06', '2017-02-03', '2017-02-04', '1', 719, 'GREAT LAKES FOOD MARKET', '2732 BAKER BLVD.', 'EUGENE', 'OR', '97403', 'ESTADOS UNIDOS'),
(10817, 39, 3, '2017-01-06', '2017-01-20', '2017-01-13', '1', 306, 'KÖNIGLICH ESSEN', 'MAUBELSTR. 90', 'BRANDENBURG', '', '14776', 'ALEMANIA'),
(10818, 49, 7, '2017-01-07', '2017-02-04', '2017-01-12', '1', 65, 'MAGAZZINI ALIMENTARI RIUNITI', 'VIA LUDOVICO IL MORO 22', 'BERGAMO', '', '24100', 'ITALIA'),
(10819, 12, 2, '2017-01-07', '2017-02-04', '2017-01-16', '1', 19, 'S COMIDAS PARA LLEVAR', 'CERRITO 333', 'BUENOS AIRES', '', '1010', 'ARGENTINA'),
(10820, 65, 3, '2017-01-07', '2017-02-04', '2017-01-13', '1', 37, 'RATTLESNAKE CANYON GROCERY', '2817 MILTON DR.', 'ALBUQUERQUE', 'NM', '87110', 'ESTADOS UNIDOS'),
(10821, 75, 1, '2017-01-08', '2017-02-05', '2017-01-15', '1', 36, 'SPLIT RAIL BEER & ALE', 'P.O. BOX 555', 'LANDER', 'WY', '82520', 'ESTADOS UNIDOS'),
(10822, 82, 6, '2017-01-08', '2017-02-05', '2017-01-16', '1', 7, 'TRAILS HEAD GOURMET PROVISIONERS', '722 DAVINCI BLVD.', 'KIRKLAND', 'WA', '98034', 'ESTADOS UNIDOS'),
(10823, 46, 5, '2017-01-09', '2017-02-06', '2017-01-13', '1', 163, 'LILA-SUPERMERCADO', 'CARRERA 52 CON AVE. BOLIVAR #65-98 LLANO LARGO', 'BARQUISIMETO', 'LARA', '3508', 'VENEZUELA'),
(10824, 24, 8, '2017-01-09', '2017-02-06', '2017-01-30', '1', 1, 'FOLK OCH FÄ HB', 'ÅKERGATAN 24', 'BRÄCKE', '', 'S-844 67', 'SUECIA'),
(10825, 17, 1, '2017-01-09', '2017-02-06', '2017-01-14', '1', 79, 'DRACHENBLUT DELIKATESSEN', 'WALSERWEG 21', 'AACHEN', '', '52066', 'ALEMANIA'),
(10826, 7, 6, '2017-01-12', '2017-02-09', '2017-02-06', '1', 7, 'BLONDEL PÈRE ET FILS', '24, PLACE KLEBER', 'STRASBOURG', '', '67000', 'FRANCIA'),
(10827, 9, 1, '2017-01-12', '2017-01-26', '2017-02-06', '1', 63, 'BON APP', '12, RUE DES BOUCHERS', 'MARSEILLE', '', '13008', 'FRANCIA'),
(10828, 64, 9, '2017-01-13', '2017-01-27', '2017-02-04', '1', 90, 'GRANDE', 'AV. DEL LIBERTADOR 900', 'BUENOS AIRES', '', '1010', 'ARGENTINA'),
(10829, 38, 9, '2017-01-13', '2017-02-10', '2017-01-23', '1', 154, 'ISLAND TRADING', 'GARDEN HOUSERNCROWTHER WAY', 'COWES', 'ISLE OF WIGHT', 'PO31 7PJ', 'REINO UNIDO'),
(10830, 81, 4, '2017-01-13', '2017-02-24', '2017-01-21', '1', 81, 'TRADIÇÃO HIPERMERCADOS', 'AV. INÊS DE CASTRO, 414', 'SÃO PAULO', 'SP', '05634-030', 'BRASIL'),
(10831, 70, 3, '2017-01-14', '2017-02-11', '2017-01-23', '1', 72, 'SANTE GOURMET', 'ERLING SKAKKES GATE 78', 'STAVERN', '', '4110', 'NORUEGA'),
(10832, 41, 2, '2017-01-14', '2017-02-11', '2017-01-19', '1', 43, 'LA MAISON DASIE', '1 RUE ALSACE-LORRAINE', 'TOULOUSE', '', '31000', 'FRANCIA'),
(10833, 56, 6, '2017-01-15', '2017-02-12', '2017-01-23', '1', 71, 'OTTILIES KÄSELADEN', 'MEHRHEIMERSTR. 369', 'KÖLN', '', '50739', 'ALEMANIA'),
(10834, 81, 1, '2017-01-15', '2017-02-12', '2017-01-19', '1', 29, 'TRADIÇÃO HIPERMERCADOS', 'AV. INÊS DE CASTRO, 414', 'SÃO PAULO', 'SP', '05634-030', 'BRASIL'),
(10835, 1, 1, '2017-01-15', '2017-02-12', '2017-01-21', '1', 69, 'ALFREDS FUTTERKISTE', 'OBERE STR. 57', 'BERLIN', '', '12209', 'ALEMANIA'),
(10836, 20, 7, '2017-01-16', '2017-02-13', '2017-01-21', '1', 411, 'ERNST HANDEL', 'KIRCHGASSE 6', 'GRAZ', '', '8010', 'AUSTRIA'),
(10837, 5, 9, '2017-01-16', '2017-02-13', '2017-01-23', '1', 13, 'BERGLUNDS SNABBKÖP', 'BERGUVSVÄGEN  8', 'LULEÅ', '', 'S-958 22', 'SUECIA'),
(10838, 47, 3, '2017-01-19', '2017-02-16', '2017-01-23', '1', 59, 'LINO-DELICATESES', 'AVE. 5 DE MAYO PORLAMAR', 'I. DE MARGARITA', 'NUEVA ESPARTA', '4980', 'VENEZUELA'),
(10839, 81, 3, '2017-01-19', '2017-02-16', '2017-01-22', '1', 35, 'TRADIÇÃO HIPERMERCADOS', 'AV. INÊS DE CASTRO, 414', 'SÃO PAULO', 'SP', '05634-030', 'BRASIL'),
(10840, 47, 4, '2017-01-19', '2017-03-02', '2017-02-16', '1', 2, 'LINO-DELICATESES', 'AVE. 5 DE MAYO PORLAMAR', 'I. DE MARGARITA', 'NUEVA ESPARTA', '4980', 'VENEZUELA'),
(10841, 76, 5, '2017-01-20', '2017-02-17', '2017-01-29', '1', 424, 'SUPRÊMES DELICES', 'BOULEVARD TIROU, 255', 'CHARLEROI', '', 'B-6000', 'BELGICA'),
(10842, 80, 1, '2017-01-20', '2017-02-17', '2017-01-29', '1', 54, 'GA RESTAURANTE', 'AVDA. AZTECA 123', 'MEXICO D.F.', '', '05033', 'MEXICO'),
(10843, 84, 4, '2017-01-21', '2017-02-18', '2017-01-26', '1', 9, 'VICTUAILLES EN STOCK', '2, RUE DU COMMERCE', 'LYON', '', '69004', 'FRANCIA'),
(10844, 59, 8, '2017-01-21', '2017-02-18', '2017-01-26', '1', 25, 'LO UND MEHR', 'GEISLWEG 14', 'SALZBURG', '', '5020', 'AUSTRIA'),
(10845, 63, 8, '2017-01-21', '2017-02-04', '2017-01-30', '1', 212, 'STOP', 'TAUCHERSTRAßE 10', 'CUNEWALDE', '', '01307', 'ALEMANIA'),
(10846, 76, 2, '2017-01-22', '2017-03-05', '2017-01-23', '1', 56, 'SUPRÊMES DELICES', 'BOULEVARD TIROU, 255', 'CHARLEROI', '', 'B-6000', 'BELGICA'),
(10847, 71, 4, '2017-01-22', '2017-02-05', '2017-02-10', '1', 487, 'SAVE-A-LOT MARKETS', '187 SUFFOLK LN.', 'BOISE', 'ID', '83720', 'ESTADOS UNIDOS'),
(10848, 16, 7, '2017-01-23', '2017-02-20', '2017-01-29', '1', 38, 'CONSOLIDATED HOLDINGS', 'BERKELEY GARDENSRN12  BREWERY', 'LONDON', '', 'WX1 6LT', 'REINO UNIDO'),
(10849, 39, 9, '2017-01-23', '2017-02-20', '2017-01-30', '1', 0, 'KÖNIGLICH ESSEN', 'MAUBELSTR. 90', 'BRANDENBURG', '', '14776', 'ALEMANIA'),
(10850, 84, 1, '2017-01-23', '2017-03-06', '2017-01-30', '1', 49, 'VICTUAILLES EN STOCK', '2, RUE DU COMMERCE', 'LYON', '', '69004', 'FRANCIA'),
(10851, 67, 5, '2017-01-26', '2017-02-23', '2017-02-02', '1', 160, 'DO ADOCICADOS', 'AV. COPACABANA, 267', 'RIO DE JANEIRO', 'RJ', '02389-890', 'BRASIL'),
(10852, 65, 8, '2017-01-26', '2017-02-09', '2017-01-30', '1', 174, 'RATTLESNAKE CANYON GROCERY', '2817 MILTON DR.', 'ALBUQUERQUE', 'NM', '87110', 'ESTADOS UNIDOS'),
(10853, 6, 9, '2017-01-27', '2017-02-24', '2017-02-03', '1', 53, 'BLAUER SEE DELIKATESSEN', 'FORSTERSTR. 57', 'MANNHEIM', '', '68306', 'ALEMANIA'),
(10854, 20, 3, '2017-01-27', '2017-02-24', '2017-02-05', '1', 100, 'ERNST HANDEL', 'KIRCHGASSE 6', 'GRAZ', '', '8010', 'AUSTRIA'),
(10855, 55, 3, '2017-01-27', '2017-02-24', '2017-02-04', '1', 170, 'OLD WORLD DELICATESSEN', '2743 BERING ST.', 'ANCHORAGE', 'AK', '99508', 'ESTADOS UNIDOS'),
(10856, 3, 3, '2017-01-28', '2017-02-25', '2017-02-10', '1', 58, 'IO MORENO TAQUERIA', 'MATADEROS  2312', 'MEXICO D.F.', '', '05023', 'MEXICO'),
(10857, 5, 8, '2017-01-28', '2017-02-25', '2017-02-06', '1', 188, 'BERGLUNDS SNABBKÖP', 'BERGUVSVÄGEN  8', 'LULEÅ', '', 'S-958 22', 'SUECIA'),
(10858, 40, 2, '2017-01-29', '2017-02-26', '2017-02-03', '1', 52, 'LA CORNE DABONDANCE', '67, AVENUE DE LEUROPE', 'VERSAILLES', '', '78000', 'FRANCIA'),
(10859, 25, 1, '2017-01-29', '2017-02-26', '2017-02-02', '1', 76, 'ENVERSAND', 'BERLINER PLATZ 43', 'MÜNCHEN', '', '80805', 'ALEMANIA'),
(10860, 26, 3, '2017-01-29', '2017-02-26', '2017-02-04', '1', 19, 'FRANCE RESTAURATION', '54, RUE ROYALE', 'NANTES', '', '44000', 'FRANCIA'),
(10861, 89, 4, '2017-01-30', '2017-02-27', '2017-02-17', '1', 14, 'WHITE CLOVER MARKETS', '1029 - 12TH AVE. S.', 'SEATTLE', 'WA', '98124', 'ESTADOS UNIDOS'),
(10862, 44, 8, '2017-01-30', '2017-03-13', '2017-02-02', '1', 53, 'LEHMANNS MARKTSTAND', 'MAGAZINWEG 7', '25FURT A.M.', '', '60528', 'ALEMANIA'),
(10863, 35, 4, '2017-02-02', '2017-03-02', '2017-02-17', '1', 30, 'HILARION-ABASTOS', 'CARRERA 22 CON AVE. CARLOS SOUBLETTE #8-35', 'SAN CRISTOBAL', 'TACHIRA', '5022', 'VENEZUELA'),
(10864, 4, 4, '2017-02-02', '2017-03-02', '2017-02-09', '1', 3, 'AROUND THE HORN', 'BROOK FARMRNSTRATFORD ST. MARY', 'COLCHESTER', 'ESSEX', 'CO7 6JX', 'REINO UNIDO'),
(10865, 63, 2, '2017-02-02', '2017-02-16', '2017-02-12', '1', 348, 'STOP', 'TAUCHERSTRAßE 10', 'CUNEWALDE', '', '01307', 'ALEMANIA'),
(10866, 5, 5, '2017-02-03', '2017-03-03', '2017-02-12', '1', 109, 'BERGLUNDS SNABBKÖP', 'BERGUVSVÄGEN  8', 'LULEÅ', '', 'S-958 22', 'SUECIA'),
(10867, 48, 6, '2017-02-03', '2017-03-17', '2017-02-11', '1', 1, 'LONESOME PINE RESTAURANT', '89 CHIAROSCURO RD.', 'PORTLAND', 'OR', '97219', 'ESTADOS UNIDOS'),
(10868, 62, 7, '2017-02-04', '2017-03-04', '2017-02-23', '1', 191, 'COZINHA', 'ALAMEDA DOS CANÀRIOS, 891', 'SÃO PAULO', 'SP', '05487-020', 'BRASIL'),
(10869, 72, 5, '2017-02-04', '2017-03-04', '2017-02-09', '1', 143, 'SEVEN SEAS IMPORTS', '90 WADHURST RD.', 'LONDON', '', 'OX15 4NB', 'REINO UNIDO'),
(10870, 89, 5, '2017-02-04', '2017-03-04', '2017-02-13', '1', 12, 'WHITE CLOVER MARKETS', '305 - 14TH AVE. S.RNSUITE 3B', 'SEATTLE', 'WA', '98128', 'ESTADOS UNIDOS'),
(10871, 9, 9, '2017-02-05', '2017-03-05', '2017-02-10', '1', 112, 'BON APP', '12, RUE DES BOUCHERS', 'MARSEILLE', '', '13008', 'FRANCIA'),
(10872, 30, 5, '2017-02-05', '2017-03-05', '2017-02-09', '1', 175, 'COCINA TIPICA', 'C/ ROMERO, 33', 'SEVILLA', '', '41101', 'ESPAÑA'),
(10873, 90, 4, '2017-02-06', '2017-03-06', '2017-02-09', '1', 0, 'WILMAN KALA', 'KESKUSKATU 45', 'HELSINKI', '', '21240', 'FINLANDIA'),
(10874, 30, 5, '2017-02-06', '2017-03-06', '2017-02-11', '1', 19, 'COCINA TIPICA', 'C/ ROMERO, 33', 'SEVILLA', '', '41101', 'ESPAÑA'),
(10875, 5, 4, '2017-02-06', '2017-03-06', '2017-03-03', '1', 32, 'BERGLUNDS SNABBKÖP', 'BERGUVSVÄGEN  8', 'LULEÅ', '', 'S-958 22', 'SUECIA'),
(10876, 9, 7, '2017-02-09', '2017-03-09', '2017-02-12', '1', 60, 'BON APP', '12, RUE DES BOUCHERS', 'MARSEILLE', '', '13008', 'FRANCIA'),
(10877, 67, 1, '2017-02-09', '2017-03-09', '2017-02-19', '1', 38, 'DO ADOCICADOS', 'AV. COPACABANA, 267', 'RIO DE JANEIRO', 'RJ', '02389-890', 'BRASIL'),
(10878, 63, 4, '2017-02-10', '2017-03-10', '2017-02-12', '1', 46, 'STOP', 'TAUCHERSTRAßE 10', 'CUNEWALDE', '', '01307', 'ALEMANIA'),
(10879, 90, 3, '2017-02-10', '2017-03-10', '2017-02-12', '1', 8, 'WILMAN KALA', 'KESKUSKATU 45', 'HELSINKI', '', '21240', 'FINLANDIA'),
(10880, 24, 7, '2017-02-10', '2017-03-24', '2017-02-18', '1', 88, 'FOLK OCH FÄ HB', 'ÅKERGATAN 24', 'BRÄCKE', '', 'S-844 67', 'SUECIA'),
(10881, 12, 4, '2017-02-11', '2017-03-11', '2017-02-18', '1', 2, 'S COMIDAS PARA LLEVAR', 'CERRITO 333', 'BUENOS AIRES', '', '1010', 'ARGENTINA'),
(10882, 71, 4, '2017-02-11', '2017-03-11', '2017-02-20', '1', 23, 'SAVE-A-LOT MARKETS', '187 SUFFOLK LN.', 'BOISE', 'ID', '83720', 'ESTADOS UNIDOS'),
(10883, 48, 8, '2017-02-12', '2017-03-12', '2017-02-20', '1', 0, 'LONESOME PINE RESTAURANT', '89 CHIAROSCURO RD.', 'PORTLAND', 'OR', '97219', 'ESTADOS UNIDOS'),
(10884, 45, 4, '2017-02-12', '2017-03-12', '2017-02-13', '1', 90, 'LETS STOP N SHOP', '87 POLK ST.RNSUITE 5', 'SAN FRANCISCO', 'CA', '94117', 'ESTADOS UNIDOS'),
(10885, 76, 6, '2017-02-12', '2017-03-12', '2017-02-18', '1', 5, 'SUPRÊMES DELICES', 'BOULEVARD TIROU, 255', 'CHARLEROI', '', 'B-6000', 'BELGICA'),
(10886, 34, 1, '2017-02-13', '2017-03-13', '2017-03-02', '1', 4, 'I CARNES', 'RUA DO PAÇO, 67', 'RIO DE JANEIRO', 'RJ', '05454-876', 'BRASIL'),
(10887, 29, 8, '2017-02-13', '2017-03-13', '2017-02-16', '1', 1, 'GALERIA DEL GASTRONOMO', 'RAMBLA DE CATALUÑA, 23', 'BARCELONA', '', '8022', 'ESPAÑA'),
(10888, 30, 1, '2017-02-16', '2017-03-16', '2017-02-23', '1', 51, 'COCINA TIPICA', 'C/ ROMERO, 33', 'SEVILLA', '', '41101', 'ESPAÑA'),
(10889, 65, 9, '2017-02-16', '2017-03-16', '2017-02-23', '1', 280, 'RATTLESNAKE CANYON GROCERY', '2817 MILTON DR.', 'ALBUQUERQUE', 'NM', '87110', 'ESTADOS UNIDOS'),
(10890, 18, 7, '2017-02-16', '2017-03-16', '2017-02-18', '1', 32, 'DU MONDE ENTIER', '67, RUE DES CINQUANTE OTAGES', 'NANTES', '', '44000', 'FRANCIA'),
(10891, 44, 7, '2017-02-17', '2017-03-17', '2017-02-19', '1', 20, 'LEHMANNS MARKTSTAND', 'MAGAZINWEG 7', '25FURT A.M.', '', '60528', 'ALEMANIA'),
(10892, 50, 4, '2017-02-17', '2017-03-17', '2017-02-19', '1', 120, 'MAISON DEWEY', 'RUE JOSEPH-BENS 532', 'BRUXELLES', '', 'B-1180', 'BELGICA'),
(10893, 39, 9, '2017-02-18', '2017-03-18', '2017-02-20', '1', 77, 'KÖNIGLICH ESSEN', 'MAUBELSTR. 90', 'BRANDENBURG', '', '14776', 'ALEMANIA'),
(10894, 71, 1, '2017-02-18', '2017-03-18', '2017-02-20', '1', 116, 'SAVE-A-LOT MARKETS', '187 SUFFOLK LN.', 'BOISE', 'ID', '83720', 'ESTADOS UNIDOS'),
(10895, 20, 3, '2017-02-18', '2017-03-18', '2017-02-23', '1', 162, 'ERNST HANDEL', 'KIRCHGASSE 6', 'GRAZ', '', '8010', 'AUSTRIA'),
(10896, 50, 7, '2017-02-19', '2017-03-19', '2017-02-27', '1', 32, 'MAISON DEWEY', 'RUE JOSEPH-BENS 532', 'BRUXELLES', '', 'B-1180', 'BELGICA'),
(10897, 37, 3, '2017-02-19', '2017-03-19', '2017-02-25', '1', 603, 'HUNGRY OWL ALL-NIGHT GROCERS', '8 JOHNSTOWN ROAD', 'CORK', 'CO. CORK', '', 'IRLANDA'),
(10898, 54, 4, '2017-02-20', '2017-03-20', '2017-03-06', '1', 1, 'O ATLANTICO LTDA.', 'ING. GUSTAVO MONCADA 8585RNPISO 20-A', 'BUENOS AIRES', '', '1010', 'ARGENTINA'),
(10899, 46, 5, '2017-02-20', '2017-03-20', '2017-02-26', '1', 1, 'LILA-SUPERMERCADO', 'CARRERA 52 CON AVE. BOLIVAR #65-98 LLANO LARGO', 'BARQUISIMETO', 'LARA', '3508', 'VENEZUELA'),
(10900, 88, 1, '2017-02-20', '2017-03-20', '2017-03-04', '1', 1, 'NGTON IMPORTADORA', 'RUA DO MERCADO, 12', 'RESENDE', 'SP', '08737-363', 'BRASIL'),
(10901, 35, 4, '2017-02-23', '2017-03-23', '2017-02-26', '1', 62, 'HILARION-ABASTOS', 'CARRERA 22 CON AVE. CARLOS SOUBLETTE #8-35', 'SAN CRISTOBAL', 'TACHIRA', '5022', 'VENEZUELA'),
(10902, 24, 1, '2017-02-23', '2017-03-23', '2017-03-03', '1', 44, 'FOLK OCH FÄ HB', 'ÅKERGATAN 24', 'BRÄCKE', '', 'S-844 67', 'SUECIA'),
(10903, 34, 3, '2017-02-24', '2017-03-24', '2017-03-04', '1', 36, 'I CARNES', 'RUA DO PAÇO, 67', 'RIO DE JANEIRO', 'RJ', '05454-876', 'BRASIL'),
(10904, 89, 3, '2017-02-24', '2017-03-24', '2017-02-27', '1', 162, 'WHITE CLOVER MARKETS', '1029 - 12TH AVE. S.', 'SEATTLE', 'WA', '98124', 'ESTADOS UNIDOS'),
(10905, 88, 9, '2017-02-24', '2017-03-24', '2017-03-06', '1', 13, 'NGTON IMPORTADORA', 'RUA DO MERCADO, 12', 'RESENDE', 'SP', '08737-363', 'BRASIL'),
(10906, 91, 4, '2017-02-25', '2017-03-11', '2017-03-03', '1', 26, 'WOLSKI ZAJAZD', 'UL. FILTROWA 68', 'WARSZAWA', '', '01-012', 'POLONIA'),
(10907, 64, 6, '2017-02-25', '2017-03-25', '2017-02-27', '1', 9, 'SPECIALITES DU MONDE', '25, RUE LAURISTON', '57', '', '75016', 'FRANCIA'),
(10908, 66, 4, '2017-02-26', '2017-03-26', '2017-03-06', '1', 32, 'REGGIANI CASEIFICI', 'STRADA PROVINCIALE 124', 'REGGIO EMILIA', '', '42100', 'ITALIA'),
(10909, 70, 1, '2017-02-26', '2017-03-26', '2017-03-10', '1', 53, 'SANTE GOURMET', 'ERLING SKAKKES GATE 78', 'STAVERN', '', '4110', 'NORUEGA'),
(10910, 90, 1, '2017-02-26', '2017-03-26', '2017-03-04', '1', 38, 'WILMAN KALA', 'KESKUSKATU 45', 'HELSINKI', '', '21240', 'FINLANDIA'),
(10911, 30, 3, '2017-02-26', '2017-03-26', '2017-03-05', '1', 38, 'COCINA TIPICA', 'C/ ROMERO, 33', 'SEVILLA', '', '41101', 'ESPAÑA'),
(10912, 37, 2, '2017-02-26', '2017-03-26', '2017-03-18', '1', 580, 'HUNGRY OWL ALL-NIGHT GROCERS', '8 JOHNSTOWN ROAD', 'CORK', 'CO. CORK', '', 'IRLANDA'),
(10913, 62, 4, '2017-02-26', '2017-03-26', '2017-03-04', '1', 33, 'COZINHA', 'ALAMEDA DOS CANÀRIOS, 891', 'SÃO PAULO', 'SP', '05487-020', 'BRASIL'),
(10914, 62, 6, '2017-02-27', '2017-03-27', '2017-03-02', '1', 21, 'COZINHA', 'ALAMEDA DOS CANÀRIOS, 891', 'SÃO PAULO', 'SP', '05487-020', 'BRASIL'),
(10915, 80, 2, '2017-02-27', '2017-03-27', '2017-03-02', '1', 3, 'GA RESTAURANTE', 'AVDA. AZTECA 123', 'MEXICO D.F.', '', '05033', 'MEXICO'),
(10916, 64, 1, '2017-02-27', '2017-03-27', '2017-03-09', '1', 63, 'O GRANDE', 'AV. DEL LIBERTADOR 900', 'BUENOS AIRES', '', '1010', 'ARGENTINA'),
(10917, 69, 4, '2017-03-02', '2017-03-30', '2017-03-11', '1', 8, 'ROMERO Y TOMILLO', 'GRAN VIA, 1', 'MADRID', '', '28001', 'ESPAÑA'),
(10918, 10, 3, '2017-03-02', '2017-03-30', '2017-03-11', '1', 48, 'BOTTOM-DOLLAR MARKETS', '23 TSAWASSEN BLVD.', 'TSAWASSEN', 'BC', 'T2F 8M4', 'CANADA'),
(10919, 47, 2, '2017-03-02', '2017-03-30', '2017-03-04', '1', 19, 'LINO-DELICATESES', 'AVE. 5 DE MAYO PORLAMAR', 'I. DE MARGARITA', 'NUEVA ESPARTA', '4980', 'VENEZUELA'),
(10920, 4, 4, '2017-03-03', '2017-03-31', '2017-03-09', '1', 29, 'AROUND THE HORN', 'BROOK FARMRNSTRATFORD ST. MARY', 'COLCHESTER', 'ESSEX', 'CO7 6JX', 'REINO UNIDO'),
(10921, 83, 1, '2017-03-03', '2017-04-14', '2017-03-09', '1', 176, 'LJERNET', 'SMAGSLØGET 45', 'ÅRHUS', '', '8200', 'DINAMARCA'),
(10922, 34, 5, '2017-03-03', '2017-03-31', '2017-03-05', '1', 62, 'I CARNES', 'RUA DO PAÇO, 67', 'RIO DE JANEIRO', 'RJ', '05454-876', 'BRASIL'),
(10923, 41, 7, '2017-03-03', '2017-04-14', '2017-03-13', '1', 68, 'LA MAISON DASIE', '1 RUE ALSACE-LORRAINE', 'TOULOUSE', '', '31000', 'FRANCIA'),
(10924, 5, 3, '2017-03-04', '2017-04-01', '2017-04-08', '1', 151, 'BERGLUNDS SNABBKÖP', 'BERGUVSVÄGEN  8', 'LULEÅ', '', 'S-958 22', 'SUECIA');
INSERT INTO `pedido` (`IDE_PED`, `IDE_CLI`, `IDE_EMP`, `FEC_PED`, `FEN_PED`, `FEE_PED`, `ENV_PED`, `CAN_PED`, `DES_PED`, `DDE_PED`, `CDE_PED`, `REF_PED`, `DEP_PED`, `PAI_PED`) VALUES
(10925, 34, 3, '2017-03-04', '2017-04-01', '2017-03-13', '1', 2, 'I CARNES', 'RUA DO PAÇO, 67', 'RIO DE JANEIRO', 'RJ', '05454-876', 'BRASIL'),
(10926, 2, 4, '2017-03-04', '2017-04-01', '2017-03-11', '1', 39, 'ANA TRUJILLO EMPAREDADOS Y HELADOS', 'AVDA. DE LA CONSTITUCION 2222', 'MEXICO D.F.', '', '05021', 'MEXICO'),
(10927, 40, 4, '2017-03-05', '2017-04-02', '2017-04-08', '1', 19, 'LA CORNE DABONDANCE', '67, AVENUE DE LEUROPE', 'VERSAILLES', '', '78000', 'FRANCIA'),
(10928, 29, 1, '2017-03-05', '2017-04-02', '2017-03-18', '1', 1, 'GALERIA DEL GASTRONOMO', 'RAMBLA DE CATALUÑA, 23', 'BARCELONA', '', '8022', 'ESPAÑA'),
(10929, 25, 6, '2017-03-05', '2017-04-02', '2017-03-12', '1', 33, 'ENVERSAND', 'BERLINER PLATZ 43', 'MÜNCHEN', '', '80805', 'ALEMANIA'),
(10930, 76, 4, '2017-03-06', '2017-04-17', '2017-03-18', '1', 15, 'SUPRÊMES DELICES', 'BOULEVARD TIROU, 255', 'CHARLEROI', '', 'B-6000', 'BELGICA'),
(10931, 68, 4, '2017-03-06', '2017-03-20', '2017-03-19', '1', 13, 'RICHTER SUPERMARKT', 'STARENWEG 5', 'GENÈVE', '', '1204', 'SUIZA'),
(10932, 9, 8, '2017-03-06', '2017-04-03', '2017-03-24', '1', 134, 'BON APP', '12, RUE DES BOUCHERS', 'MARSEILLE', '', '13008', 'FRANCIA'),
(10933, 38, 6, '2017-03-06', '2017-04-03', '2017-03-16', '1', 54, 'ISLAND TRADING', 'GARDEN HOUSERNCROWTHER WAY', 'COWES', 'ISLE OF WIGHT', 'PO31 7PJ', 'REINO UNIDO'),
(10934, 44, 3, '2017-03-09', '2017-04-06', '2017-03-12', '1', 32, 'LEHMANNS MARKTSTAND', 'MAGAZINWEG 7', '25FURT A.M.', '', '60528', 'ALEMANIA'),
(10935, 88, 4, '2017-03-09', '2017-04-06', '2017-03-18', '1', 47, 'NGTON IMPORTADORA', 'RUA DO MERCADO, 12', 'RESENDE', 'SP', '08737-363', 'BRASIL'),
(10936, 32, 3, '2017-03-09', '2017-04-06', '2017-03-18', '1', 33, 'GREAT LAKES FOOD MARKET', '2732 BAKER BLVD.', 'EUGENE', 'OR', '97403', 'ESTADOS UNIDOS'),
(10937, 12, 7, '2017-03-10', '2017-03-24', '2017-03-13', '1', 31, 'S COMIDAS PARA LLEVAR', 'CERRITO 333', 'BUENOS AIRES', '', '1010', 'ARGENTINA'),
(10938, 63, 3, '2017-03-10', '2017-04-07', '2017-03-16', '1', 31, 'D-STOP', 'TAUCHERSTRAßE 10', 'CUNEWALDE', '', '01307', 'ALEMANIA'),
(10939, 49, 2, '2017-03-10', '2017-04-07', '2017-03-13', '1', 76, 'MAGAZZINI ALIMENTARI RIUNITI', 'VIA LUDOVICO IL MORO 22', 'BERGAMO', '', '24100', 'ITALIA'),
(10940, 9, 8, '2017-03-11', '2017-04-08', '2017-03-23', '1', 19, 'BON APP', '12, RUE DES BOUCHERS', 'MARSEILLE', '', '13008', 'FRANCIA'),
(10941, 71, 7, '2017-03-11', '2017-04-08', '2017-03-20', '1', 400, 'SAVE-A-LOT MARKETS', '187 SUFFOLK LN.', 'BOISE', 'ID', '83720', 'ESTADOS UNIDOS'),
(10942, 66, 9, '2017-03-11', '2017-04-08', '2017-03-18', '1', 17, 'REGGIANI CASEIFICI', 'STRADA PROVINCIALE 124', 'REGGIO EMILIA', '', '42100', 'ITALIA'),
(10943, 11, 4, '2017-03-11', '2017-04-08', '2017-03-19', '1', 2, 'BS BEVERAGES', 'FAUNTLEROY CIRCUS', 'LONDON', '', 'EC2 5NT', 'REINO UNIDO'),
(10944, 10, 6, '2017-03-12', '2017-03-26', '2017-03-13', '1', 52, 'BOTTOM-DOLLAR MARKETS', '23 TSAWASSEN BLVD.', 'TSAWASSEN', 'BC', 'T2F 8M4', 'CANADA'),
(10945, 52, 4, '2017-03-12', '2017-04-09', '2017-03-18', '1', 10, 'MORGENSTERN GESUNDKOST', 'HEERSTR. 22', 'LEIPZIG', '', '04179', 'ALEMANIA'),
(10946, 83, 1, '2017-03-12', '2017-04-09', '2017-03-19', '1', 27, 'LJERNET', 'SMAGSLØGET 45', 'ÅRHUS', '', '8200', 'DINAMARCA'),
(10947, 11, 3, '2017-03-13', '2017-04-10', '2017-03-16', '1', 3, 'BS BEVERAGES', 'FAUNTLEROY CIRCUS', 'LONDON', '', 'EC2 5NT', 'REINO UNIDO'),
(10948, 30, 3, '2017-03-13', '2017-04-10', '2017-03-19', '1', 23, 'COCINA TIPICA', 'C/ ROMERO, 33', 'SEVILLA', '', '41101', 'ESPAÑA'),
(10949, 10, 2, '2017-03-13', '2017-04-10', '2017-03-17', '1', 74, 'BOTTOM-DOLLAR MARKETS', '23 TSAWASSEN BLVD.', 'TSAWASSEN', 'BC', 'T2F 8M4', 'CANADA'),
(10950, 49, 1, '2017-03-16', '2017-04-13', '2017-03-23', '1', 2, 'MAGAZZINI ALIMENTARI RIUNITI', 'VIA LUDOVICO IL MORO 22', 'BERGAMO', '', '24100', 'ITALIA'),
(10951, 68, 9, '2017-03-16', '2017-04-27', '2017-04-07', '1', 30, 'RICHTER SUPERMARKT', 'STARENWEG 5', 'GENÈVE', '', '1204', 'SUIZA'),
(10952, 1, 1, '2017-03-16', '2017-04-27', '2017-03-24', '1', 40, 'ALFREDS FUTTERKISTE', 'OBERE STR. 57', 'BERLIN', '', '12209', 'ALEMANIA'),
(10953, 4, 9, '2017-03-16', '2017-03-30', '2017-03-25', '1', 23, 'AROUND THE HORN', 'BROOK FARMRNSTRATFORD ST. MARY', 'COLCHESTER', 'ESSEX', 'CO7 6JX', 'REINO UNIDO'),
(10954, 47, 5, '2017-03-17', '2017-04-28', '2017-03-20', '1', 27, 'LINO-DELICATESES', 'AVE. 5 DE MAYO PORLAMAR', 'I. DE MARGARITA', 'NUEVA ESPARTA', '4980', 'VENEZUELA'),
(10955, 24, 8, '2017-03-17', '2017-04-14', '2017-03-20', '1', 3, 'FOLK OCH FÄ HB', 'ÅKERGATAN 24', 'BRÄCKE', '', 'S-844 67', 'SUECIA'),
(10956, 6, 6, '2017-03-17', '2017-04-28', '2017-03-20', '1', 44, 'BLAUER SEE DELIKATESSEN', 'FORSTERSTR. 57', 'MANNHEIM', '', '68306', 'ALEMANIA'),
(10957, 35, 8, '2017-03-18', '2017-04-15', '2017-03-27', '1', 105, 'HILARION-ABASTOS', 'CARRERA 22 CON AVE. CARLOS SOUBLETTE #8-35', 'SAN CRISTOBAL', 'TACHIRA', '5022', 'VENEZUELA'),
(10958, 54, 7, '2017-03-18', '2017-04-15', '2017-03-27', '1', 49, 'O ATLANTICO LTDA.', 'ING. GUSTAVO MONCADA 8585RNPISO 20-A', 'BUENOS AIRES', '', '1010', 'ARGENTINA'),
(10959, 31, 6, '2017-03-18', '2017-04-29', '2017-03-23', '1', 4, 'GOURMET LANCHONETES', 'AV. BRASIL, 442', 'CAMPINAS', 'SP', '04876-786', 'BRASIL'),
(10960, 35, 3, '2017-03-19', '2017-04-02', '2017-04-08', '1', 2, 'HILARION-ABASTOS', 'CARRERA 22 CON AVE. CARLOS SOUBLETTE #8-35', 'SAN CRISTOBAL', 'TACHIRA', '5022', 'VENEZUELA'),
(10961, 62, 8, '2017-03-19', '2017-04-16', '2017-03-30', '1', 104, 'COZINHA', 'ALAMEDA DOS CANÀRIOS, 891', 'SÃO PAULO', 'SP', '05487-020', 'BRASIL'),
(10962, 63, 8, '2017-03-19', '2017-04-16', '2017-03-23', '1', 275, 'D-STOP', 'TAUCHERSTRAßE 10', 'CUNEWALDE', '', '01307', 'ALEMANIA'),
(10963, 28, 9, '2017-03-19', '2017-04-16', '2017-03-26', '1', 2, 'FURIA BACALHAU E FRUTOS DO MAR', 'JARDIM DAS ROSAS N. 32', 'LISBOA', '', '1675', 'PORTUGAL'),
(10964, 64, 3, '2017-03-20', '2017-04-17', '2017-03-24', '1', 87, 'SPECIALITES DU MONDE', '25, RUE LAURISTON', '57', '', '75016', 'FRANCIA'),
(10965, 55, 6, '2017-03-20', '2017-04-17', '2017-03-30', '1', 144, 'OLD WORLD DELICATESSEN', '2743 BERING ST.', 'ANCHORAGE', 'AK', '99508', 'ESTADOS UNIDOS'),
(10966, 14, 4, '2017-03-20', '2017-04-17', '2017-04-08', '1', 27, 'CHOP-SUEY CHINESE', 'HAUPTSTR. 31', 'BERN', '', '3012', 'SUIZA'),
(10967, 79, 2, '2017-03-23', '2017-04-20', '2017-04-02', '1', 62, 'TOMS SPEZIALITÄTEN', 'LUISENSTR. 48', 'MÜNSTER', '', '44087', 'ALEMANIA'),
(10968, 20, 1, '2017-03-23', '2017-04-20', '2017-04-01', '1', 74, 'ERNST HANDEL', 'KIRCHGASSE 6', 'GRAZ', '', '8010', 'AUSTRIA'),
(10969, 15, 1, '2017-03-23', '2017-04-20', '2017-03-30', '1', 0, 'COMERCIO MINEIRO', 'AV. DOS LUSIADAS, 23', 'SÃO PAULO', 'SP', '05432-043', 'BRASIL'),
(10970, 8, 9, '2017-03-24', '2017-04-07', '2017-04-24', '1', 16, 'O COMIDAS PREPARADAS', 'C/ ARAQUIL, 67', 'MADRID', '', '28023', 'ESPAÑA'),
(10971, 26, 2, '2017-03-24', '2017-04-21', '2017-04-02', '1', 121, 'FRANCE RESTAURATION', '54, RUE ROYALE', 'NANTES', '', '44000', 'FRANCIA'),
(10972, 40, 4, '2017-03-24', '2017-04-21', '2017-03-26', '1', 0, 'LA CORNE DABONDANCE', '67, AVENUE DE LEUROPE', 'VERSAILLES', '', '78000', 'FRANCIA'),
(10973, 40, 6, '2017-03-24', '2017-04-21', '2017-03-27', '1', 15, 'LA CORNE DABONDANCE', '67, AVENUE DE LEUROPE', 'VERSAILLES', '', '78000', 'FRANCIA'),
(10974, 75, 3, '2017-03-25', '2017-04-08', '2017-04-03', '1', 12, 'SPLIT RAIL BEER & ALE', 'P.O. BOX 555', 'LANDER', 'WY', '82520', 'ESTADOS UNIDOS'),
(10975, 10, 1, '2017-03-25', '2017-04-22', '2017-03-27', '1', 32, 'BOTTOM-DOLLAR MARKETS', '23 TSAWASSEN BLVD.', 'TSAWASSEN', 'BC', 'T2F 8M4', 'CANADA'),
(10976, 35, 1, '2017-03-25', '2017-05-06', '2017-04-03', '1', 37, 'HILARION-ABASTOS', 'CARRERA 22 CON AVE. CARLOS SOUBLETTE #8-35', 'SAN CRISTOBAL', 'TACHIRA', '5022', 'VENEZUELA'),
(10977, 24, 8, '2017-03-26', '2017-04-23', '2017-04-10', '1', 208, 'FOLK OCH FÄ HB', 'ÅKERGATAN 24', 'BRÄCKE', '', 'S-844 67', 'SUECIA'),
(10978, 50, 9, '2017-03-26', '2017-04-23', '2017-04-23', '1', 32, 'MAISON DEWEY', 'RUE JOSEPH-BENS 532', 'BRUXELLES', '', 'B-1180', 'BELGICA'),
(10979, 20, 8, '2017-03-26', '2017-04-23', '2017-03-31', '1', 353, 'ERNST HANDEL', 'KIRCHGASSE 6', 'GRAZ', '', '8010', 'AUSTRIA'),
(10980, 24, 4, '2017-03-27', '2017-05-08', '2017-04-17', '1', 1, 'FOLK OCH FÄ HB', 'ÅKERGATAN 24', 'BRÄCKE', '', 'S-844 67', 'SUECIA'),
(10981, 34, 1, '2017-03-27', '2017-04-24', '2017-04-02', '1', 193, 'I CARNES', 'RUA DO PAÇO, 67', 'RIO DE JANEIRO', 'RJ', '05454-876', 'BRASIL'),
(10982, 10, 2, '2017-03-27', '2017-04-24', '2017-04-08', '1', 14, 'BOTTOM-DOLLAR MARKETS', '23 TSAWASSEN BLVD.', 'TSAWASSEN', 'BC', 'T2F 8M4', 'CANADA'),
(10983, 71, 2, '2017-03-27', '2017-04-24', '2017-04-06', '1', 657, 'SAVE-A-LOT MARKETS', '187 SUFFOLK LN.', 'BOISE', 'ID', '83720', 'ESTADOS UNIDOS'),
(10984, 71, 1, '2017-03-30', '2017-04-27', '2017-04-03', '1', 211, 'SAVE-A-LOT MARKETS', '187 SUFFOLK LN.', 'BOISE', 'ID', '83720', 'ESTADOS UNIDOS'),
(10985, 37, 2, '2017-03-30', '2017-04-27', '2017-04-02', '1', 91, 'HUNGRY OWL ALL-NIGHT GROCERS', '8 JOHNSTOWN ROAD', 'CORK', 'CO. CORK', '', 'IRLANDA'),
(10986, 54, 8, '2017-03-30', '2017-04-27', '2017-04-21', '1', 217, 'O ATLANTICO LTDA.', 'ING. GUSTAVO MONCADA 8585RNPISO 20-A', 'BUENOS AIRES', '', '1010', 'ARGENTINA'),
(10987, 19, 8, '2017-03-31', '2017-04-28', '2017-04-06', '1', 185, 'EASTERN CONNECTION', '35 KING GEORGE', 'LONDON', '', 'WX3 6FW', 'REINO UNIDO'),
(10988, 65, 3, '2017-03-31', '2017-04-28', '2017-04-10', '1', 61, 'RATTLESNAKE CANYON GROCERY', '2817 MILTON DR.', 'ALBUQUERQUE', 'NM', '87110', 'ESTADOS UNIDOS'),
(10989, 61, 2, '2017-03-31', '2017-04-28', '2017-04-02', '1', 34, 'QUE DELICIA', 'RUA DA PANIFICADORA, 12', 'RIO DE JANEIRO', 'RJ', '02389-673', 'BRASIL'),
(10990, 20, 2, '2017-04-01', '2017-05-13', '2017-04-07', '1', 117, 'ERNST HANDEL', 'KIRCHGASSE 6', 'GRAZ', '', '8010', 'AUSTRIA'),
(10991, 63, 1, '2017-04-01', '2017-04-29', '2017-04-07', '1', 38, '-STOP', 'TAUCHERSTRAßE 10', 'CUNEWALDE', '', '01307', 'ALEMANIA'),
(10992, 77, 1, '2017-04-01', '2017-04-29', '2017-04-03', '1', 4, 'THE BIG CHEESE', '89 JEFFERSON WAYRNSUITE 2', 'PORTLAND', 'OR', '97201', 'ESTADOS UNIDOS'),
(10993, 24, 7, '2017-04-01', '2017-04-29', '2017-04-10', '1', 8, 'FOLK OCH FÄ HB', 'ÅKERGATAN 24', 'BRÄCKE', '', 'S-844 67', 'SUECIA'),
(10994, 83, 2, '2017-04-02', '2017-04-16', '2017-04-09', '1', 65, 'LJERNET', 'SMAGSLØGET 45', 'ÅRHUS', '', '8200', 'DINAMARCA'),
(10995, 58, 1, '2017-04-02', '2017-04-30', '2017-04-06', '1', 46, 'LES COMIDAS CLASICAS', 'CALLE DR. JORGE CASH 321', 'MEXICO D.F.', '', '05033', 'MEXICO'),
(10996, 63, 4, '2017-04-02', '2017-04-30', '2017-04-10', '1', 1, 'JH-STOP', 'TAUCHERSTRAßE 10', 'CUNEWALDE', '', '01307', 'ALEMANIA'),
(10997, 46, 8, '2017-04-03', '2017-05-15', '2017-04-13', '1', 73, 'LILA-SUPERMERCADO', 'CARRERA 52 CON AVE. BOLIVAR #65-98 LLANO LARGO', 'BARQUISIMETO', 'LARA', '3508', 'VENEZUELA'),
(10998, 91, 8, '2017-04-03', '2017-04-17', '2017-04-17', '1', 20, 'WOLSKI ZAJAZD', 'UL. FILTROWA 68', 'WARSZAWA', '', '01-012', 'POLONIA'),
(10999, 56, 6, '2017-04-03', '2017-05-01', '2017-04-10', '1', 96, 'OTTILIES KÄSELADEN', 'MEHRHEIMERSTR. 369', 'KÖLN', '', '50739', 'ALEMANIA'),
(11000, 65, 2, '2017-04-06', '2017-05-04', '2017-04-14', '1', 55, 'RATTLESNAKE CANYON GROCERY', '2817 MILTON DR.', 'ALBUQUERQUE', 'NM', '87110', 'ESTADOS UNIDOS'),
(11001, 24, 2, '2017-04-06', '2017-05-04', '2017-04-14', '1', 197, 'FOLK OCH FÄ HB', 'ÅKERGATAN 24', 'BRÄCKE', '', 'S-844 67', 'SUECIA'),
(11002, 71, 4, '2017-04-06', '2017-05-04', '2017-04-16', '1', 141, 'SAVE-A-LOT MARKETS', '187 SUFFOLK LN.', 'BOISE', 'ID', '83720', 'ESTADOS UNIDOS'),
(11003, 78, 3, '2017-04-06', '2017-05-04', '2017-04-08', '1', 14, 'THE CRACKER BOX', '55 GRIZZLY PEAK RD.', 'BUTTE', 'MT', '59801', 'ESTADOS UNIDOS'),
(11004, 50, 3, '2017-04-07', '2017-05-05', '2017-04-20', '1', 44, 'MAISON DEWEY', 'RUE JOSEPH-BENS 532', 'BRUXELLES', '', 'B-1180', 'BELGICA'),
(11005, 90, 2, '2017-04-07', '2017-05-05', '2017-04-10', '1', 0, 'WILMAN KALA', 'KESKUSKATU 45', 'HELSINKI', '', '21240', 'FINLANDIA'),
(11006, 32, 3, '2017-04-07', '2017-05-05', '2017-04-15', '1', 25, 'GREAT LAKES FOOD MARKET', '2732 BAKER BLVD.', 'EUGENE', 'OR', '97403', 'ESTADOS UNIDOS'),
(11007, 60, 8, '2017-04-08', '2017-05-06', '2017-04-13', '1', 202, 'PRINCESA ISABEL VINHOS', 'ESTRADA DA SAÚDE N. 58', 'LISBOA', '', '1756', 'PORTUGAL'),
(11008, 20, 7, '2017-04-08', '2017-05-06', '2017-12-30', '1', 79, 'ERNST HANDEL', 'KIRCHGASSE 6', 'GRAZ', '', '8010', 'AUSTRIA'),
(11009, 30, 2, '2017-04-08', '2017-05-06', '2017-04-10', '1', 59, 'COCINA TIPICA', 'C/ ROMERO, 33', 'SEVILLA', '', '41101', 'ESPAÑA'),
(11010, 66, 2, '2017-04-09', '2017-05-07', '2017-04-21', '1', 28, 'REGGIANI CASEIFICI', 'STRADA PROVINCIALE 124', 'REGGIO EMILIA', '', '42100', 'ITALIA'),
(11011, 1, 3, '2017-04-09', '2017-05-07', '2017-04-13', '1', 1, 'ALFREDS FUTTERKISTE', 'OBERE STR. 57', 'BERLIN', '', '12209', 'ALEMANIA'),
(11012, 25, 1, '2017-04-09', '2017-04-23', '2017-04-17', '1', 242, 'ENVERSAND', 'BERLINER PLATZ 43', 'MÜNCHEN', '', '80805', 'ALEMANIA'),
(11013, 69, 2, '2017-04-09', '2017-05-07', '2017-04-10', '1', 32, 'ROMERO Y TOMILLO', 'GRAN VIA, 1', 'MADRID', '', '28001', 'ESPAÑA'),
(11014, 47, 2, '2017-04-10', '2017-05-08', '2017-04-15', '1', 23, 'LINO-DELICATESES', 'AVE. 5 DE MAYO PORLAMAR', 'I. DE MARGARITA', 'NUEVA ESPARTA', '4980', 'VENEZUELA'),
(11015, 70, 2, '2017-04-10', '2017-04-24', '2017-04-20', '1', 4, 'SANTE GOURMET', 'ERLING SKAKKES GATE 78', 'STAVERN', '', '4110', 'NORUEGA'),
(11016, 4, 9, '2017-04-10', '2017-05-08', '2017-04-13', '1', 33, 'AROUND THE HORN', 'BROOK FARMRNSTRATFORD ST. MARY', 'COLCHESTER', 'ESSEX', 'CO7 6JX', 'REINO UNIDO'),
(11017, 20, 9, '2017-04-13', '2017-05-11', '2017-04-20', '1', 754, 'ERNST HANDEL', 'KIRCHGASSE 6', 'GRAZ', '', '8010', 'AUSTRIA'),
(11018, 48, 4, '2017-04-13', '2017-05-11', '2017-04-16', '1', 11, 'LONESOME PINE RESTAURANT', '89 CHIAROSCURO RD.', 'PORTLAND', 'OR', '97219', 'ESTADOS UNIDOS'),
(11019, 64, 6, '2017-04-13', '2017-05-11', '2017-12-30', '1', 3, 'O GRANDE', 'AV. DEL LIBERTADOR 900', 'BUENOS AIRES', '', '1010', 'ARGENTINA'),
(11020, 56, 2, '2017-04-14', '2017-05-12', '2017-04-16', '1', 43, 'OTTILIES KÄSELADEN', 'MEHRHEIMERSTR. 369', 'KÖLN', '', '50739', 'ALEMANIA'),
(11021, 63, 3, '2017-04-14', '2017-05-12', '2017-04-21', '1', 297, 'G-STOP', 'TAUCHERSTRAßE 10', 'CUNEWALDE', '', '01307', 'ALEMANIA'),
(11022, 34, 9, '2017-04-14', '2017-05-12', '2017-05-04', '1', 6, 'CI CARNES', 'RUA DO PAÇO, 67', 'RIO DE JANEIRO', 'RJ', '05454-876', 'BRASIL'),
(11023, 11, 1, '2017-04-14', '2017-04-28', '2017-04-24', '1', 123, 'BS BEVERAGES', 'FAUNTLEROY CIRCUS', 'LONDON', '', 'EC2 5NT', 'REINO UNIDO'),
(11024, 19, 4, '2017-04-15', '2017-05-13', '2017-04-20', '1', 74, 'EASTERN CONNECTION', '35 KING GEORGE', 'LONDON', '', 'WX3 6FW', 'REINO UNIDO'),
(11025, 87, 6, '2017-04-15', '2017-05-13', '2017-04-24', '1', 29, 'WARTIAN HERKKU', 'TORIKATU 38', 'OULU', '', '90110', 'FINLANDIA'),
(11026, 27, 4, '2017-04-15', '2017-05-13', '2017-04-28', '1', 47, 'FI S.P.A.', 'VIA MONTE BIANCO 34', 'TORINO', '', '10100', 'ITALIA'),
(11027, 10, 1, '2017-04-16', '2017-05-14', '2017-04-20', '1', 52, 'BOTTOM-DOLLAR MARKETS', '23 TSAWASSEN BLVD.', 'TSAWASSEN', 'BC', 'T2F 8M4', 'CANADA'),
(11028, 39, 2, '2017-04-16', '2017-05-14', '2017-04-22', '1', 29, 'KÖNIGLICH ESSEN', 'MAUBELSTR. 90', 'BRANDENBURG', '', '14776', 'ALEMANIA'),
(11029, 14, 4, '2017-04-16', '2017-05-14', '2017-04-27', '1', 47, 'CHOP-SUEY CHINESE', 'HAUPTSTR. 31', 'BERN', '', '3012', 'SUIZA'),
(11030, 71, 7, '2017-04-17', '2017-05-15', '2017-04-27', '1', 830, 'SAVE-A-LOT MARKETS', '187 SUFFOLK LN.', 'BOISE', 'ID', '83720', 'ESTADOS UNIDOS'),
(11031, 71, 6, '2017-04-17', '2017-05-15', '2017-04-24', '1', 227, 'SAVE-A-LOT MARKETS', '187 SUFFOLK LN.', 'BOISE', 'ID', '83720', 'ESTADOS UNIDOS'),
(11032, 89, 2, '2017-04-17', '2017-05-15', '2017-04-23', '1', 606, 'WHITE CLOVER MARKETS', '1029 - 12TH AVE. S.', 'SEATTLE', 'WA', '98124', 'ESTADOS UNIDOS'),
(11033, 68, 7, '2017-04-17', '2017-05-15', '2017-04-23', '1', 84, 'RICHTER SUPERMARKT', 'STARENWEG 5', 'GENÈVE', '', '1204', 'SUIZA'),
(11034, 55, 8, '2017-04-20', '2017-06-01', '2017-04-27', '1', 40, 'OLD WORLD DELICATESSEN', '2743 BERING ST.', 'ANCHORAGE', 'AK', '99508', 'ESTADOS UNIDOS'),
(11035, 76, 2, '2017-04-20', '2017-05-18', '2017-04-24', '1', 0, 'SUPRÊMES DELICES', 'BOULEVARD TIROU, 255', 'CHARLEROI', '', 'B-6000', 'BELGICA'),
(11036, 17, 8, '2017-04-20', '2017-05-18', '2017-04-22', '1', 149, 'DRACHENBLUT DELIKATESSEN', 'WALSERWEG 21', 'AACHEN', '', '52066', 'ALEMANIA'),
(11037, 30, 7, '2017-04-21', '2017-05-19', '2017-04-27', '1', 3, 'COCINA TIPICA', 'C/ ROMERO, 33', 'SEVILLA', '', '41101', 'ESPAÑA'),
(11038, 76, 1, '2017-04-21', '2017-05-19', '2017-04-30', '1', 29, 'SUPRÊMES DELICES', 'BOULEVARD TIROU, 255', 'CHARLEROI', '', 'B-6000', 'BELGICA'),
(11039, 47, 1, '2017-04-21', '2017-05-19', '2017-12-30', '1', 65, 'LINO-DELICATESES', 'AVE. 5 DE MAYO PORLAMAR', 'I. DE MARGARITA', 'NUEVA ESPARTA', '4980', 'VENEZUELA'),
(11040, 32, 4, '2017-04-22', '2017-05-20', '2017-12-30', '1', 18, 'GREAT LAKES FOOD MARKET', '2732 BAKER BLVD.', 'EUGENE', 'OR', '97403', 'ESTADOS UNIDOS'),
(11041, 14, 3, '2017-04-22', '2017-05-20', '2017-04-28', '1', 48, 'CHOP-SUEY CHINESE', 'HAUPTSTR. 31', 'BERN', '', '3012', 'SUIZA'),
(11042, 15, 2, '2017-04-22', '2017-05-06', '2017-05-01', '1', 29, 'COMERCIO MINEIRO', 'AV. DOS LUSIADAS, 23', 'SÃO PAULO', 'SP', '05432-043', 'BRASIL'),
(11043, 64, 5, '2017-04-22', '2017-05-20', '2017-04-29', '1', 8, 'SPECIALITES DU MONDE', '25, RUE LAURISTON', '57', '', '75016', 'FRANCIA'),
(11044, 91, 4, '2017-04-23', '2017-05-21', '2017-05-01', '1', 8, 'WOLSKI ZAJAZD', 'UL. FILTROWA 68', 'WARSZAWA', '', '01-012', 'POLONIA'),
(11045, 10, 6, '2017-04-23', '2017-05-21', '2017-12-30', '1', 70, 'BOTTOM-DOLLAR MARKETS', '23 TSAWASSEN BLVD.', 'TSAWASSEN', 'BC', 'T2F 8M4', 'CANADA'),
(11046, 86, 8, '2017-04-23', '2017-05-21', '2017-04-24', '1', 71, 'DIE WANDERNDE KUH', 'ADENAUERALLEE 900', 'STUTTGART', '', '70563', 'ALEMANIA'),
(11047, 19, 7, '2017-04-24', '2017-05-22', '2017-05-01', '1', 46, 'EASTERN CONNECTION', '35 KING GEORGE', 'LONDON', '', 'WX3 6FW', 'REINO UNIDO'),
(11048, 10, 7, '2017-04-24', '2017-05-22', '2017-04-30', '1', 24, 'BOTTOM-DOLLAR MARKETS', '23 TSAWASSEN BLVD.', 'TSAWASSEN', 'BC', 'T2F 8M4', 'CANADA'),
(11049, 31, 3, '2017-04-24', '2017-05-22', '2017-05-04', '1', 8, 'GOURMET LANCHONETES', 'AV. BRASIL, 442', 'CAMPINAS', 'SP', '04876-786', 'BRASIL'),
(11050, 24, 8, '2017-04-27', '2017-05-25', '2017-05-05', '1', 59, 'FOLK OCH FÄ HB', 'ÅKERGATAN 24', 'BRÄCKE', '', 'S-844 67', 'SUECIA'),
(11051, 41, 7, '2017-04-27', '2017-05-25', '2017-12-30', '1', 2, 'LA MAISON DASIE', '1 RUE ALSACE-LORRAINE', 'TOULOUSE', '', '31000', 'FRANCIA'),
(11052, 34, 3, '2017-04-27', '2017-05-25', '2017-05-01', '1', 67, 'I CARNES', 'RUA DO PAÇO, 67', 'RIO DE JANEIRO', 'RJ', '05454-876', 'BRASIL'),
(11053, 59, 2, '2017-04-27', '2017-05-25', '2017-04-29', '1', 53, 'LO UND MEHR', 'GEISLWEG 14', 'SALZBURG', '', '5020', 'AUSTRIA'),
(11054, 12, 8, '2017-04-28', '2017-05-26', '2017-12-30', '1', 0, 'COMIDAS PARA LLEVAR', 'CERRITO 333', 'BUENOS AIRES', '', '1010', 'ARGENTINA'),
(11055, 35, 7, '2017-04-28', '2017-05-26', '2017-05-05', '1', 120, 'HILARION-ABASTOS', 'CARRERA 22 CON AVE. CARLOS SOUBLETTE #8-35', 'SAN CRISTOBAL', 'TACHIRA', '5022', 'VENEZUELA'),
(11056, 19, 8, '2017-04-28', '2017-05-12', '2017-05-01', '1', 278, 'EASTERN CONNECTION', '35 KING GEORGE', 'LONDON', '', 'WX3 6FW', 'REINO UNIDO'),
(11057, 53, 3, '2017-04-29', '2017-05-27', '2017-05-01', '1', 4, 'NORTH/SOUTH', 'SOUTH HOUSERN300 62SBRIDGE', 'LONDON', '', 'SW7 1RZ', 'REINO UNIDO'),
(11058, 6, 9, '2017-04-29', '2017-05-27', '2017-12-30', '1', 31, 'BLAUER SEE DELIKATESSEN', 'FORSTERSTR. 57', 'MANNHEIM', '', '68306', 'ALEMANIA'),
(11059, 67, 2, '2017-04-29', '2017-06-10', '2017-12-30', '1', 85, 'DO ADOCICADOS', 'AV. COPACABANA, 267', 'RIO DE JANEIRO', 'RJ', '02389-890', 'BRASIL'),
(11060, 27, 2, '2017-04-30', '2017-05-28', '2017-05-04', '1', 10, 'FI S.P.A.', 'VIA MONTE BIANCO 34', 'TORINO', '', '10100', 'ITALIA'),
(11061, 32, 4, '2017-04-30', '2017-06-11', '2017-12-30', '1', 14, 'GREAT LAKES FOOD MARKET', '2732 BAKER BLVD.', 'EUGENE', 'OR', '97403', 'ESTADOS UNIDOS'),
(11062, 66, 4, '2017-04-30', '2017-05-28', '2017-12-30', '1', 29, 'REGGIANI CASEIFICI', 'STRADA PROVINCIALE 124', 'REGGIO EMILIA', '', '42100', 'ITALIA'),
(11063, 37, 3, '2017-06-30', '2017-07-28', '2017-05-06', '1', 81, 'HUNGRY OWL ALL-NIGHT GROCERS', '8 JOHNSTOWN ROAD', 'CORK', 'CO. CORK', '', 'IRLANDA'),
(11064, 71, 1, '2017-07-01', '2017-07-29', '2017-05-04', '1', 30, 'SAVE-A-LOT MARKETS', '187 SUFFOLK LN.', 'BOISE', 'ID', '83720', 'ESTADOS UNIDOS'),
(11065, 46, 8, '2017-08-01', '2017-08-29', '2017-12-30', '1', 12, 'LILA-SUPERMERCADO', 'CARRERA 52 CON AVE. BOLIVAR #65-98 LLANO LARGO', 'BARQUISIMETO', 'LARA', '3508', 'VENEZUELA'),
(11066, 89, 7, '2017-08-01', '2017-08-29', '2017-05-04', '1', 44, 'WHITE CLOVER MARKETS', '1029 - 12TH AVE. S.', 'SEATTLE', 'WA', '98124', 'ESTADOS UNIDOS'),
(11067, 17, 1, '2017-09-04', '2017-09-18', '2017-05-06', '1', 7, 'DRACHENBLUT DELIKATESSEN', 'WALSERWEG 21', 'AACHEN', '', '52066', 'ALEMANIA'),
(11068, 62, 8, '2017-09-04', '2017-10-01', '2017-12-30', '1', 81, 'COZINHA', 'ALAMEDA DOS CANÀRIOS, 891', 'SÃO PAULO', 'SP', '05487-020', 'BRASIL'),
(11069, 80, 1, '2017-10-04', '2017-11-01', '2017-05-06', '1', 15, 'GA RESTAURANTE', 'AVDA. AZTECA 123', 'MEXICO D.F.', '', '05033', 'MEXICO'),
(11070, 44, 2, '2017-10-05', '2017-11-02', '2017-12-30', '1', 136, 'LEHMANNS MARKTSTAND', 'MAGAZINWEG 7', '25FURT A.M.', '', '60528', 'ALEMANIA'),
(11071, 46, 1, '2017-10-05', '2017-11-02', '2017-12-30', '0', 0, 'LILA-SUPERMERCADO', 'CARRERA 52 CON AVE. BOLIVAR #65-98 LLANO LARGO', 'BARQUISIMETO', 'LARA', '3508', 'VENEZUELA'),
(11072, 20, 4, '2017-11-05', '2017-11-22', '2017-12-30', '0', 258, 'ERNST HANDEL', 'KIRCHGASSE 6', 'GRAZ', '', '8010', 'AUSTRIA'),
(11073, 58, 2, '2017-11-15', '2017-12-02', '2017-12-30', '0', 24, 'LES COMIDAS CLASICAS', 'CALLE DR. JORGE CASH 321', 'MEXICO D.F.', '', '05033', 'MEXICO'),
(11074, 73, 7, '2018-01-16', '2017-12-02', '2018-12-30', '0', 18, 'SIMONS BISTRO', 'VINBÆLTET 34', 'KØBENHAVN', '', '1734', 'DINAMARCA'),
(11075, 68, 8, '2018-03-16', '2017-12-03', '2018-12-30', '0', 6, 'RICHTER SUPERMARKT', 'STARENWEG 5', 'GENÈVE', '', '1204', 'SUIZA'),
(11076, 9, 4, '2018-04-02', '2017-12-08', '2018-12-30', '0', 38, 'BON APP', '12, RUE DES BOUCHERS', 'MARSEILLE', '', '13008', 'FRANCIA'),
(11077, 65, 1, '2018-04-19', '2017-12-10', '2018-12-30', '0', 8, 'RATTLESNAKE CANYON GROCERY', '2817 MILTON DR.', 'ALBUQUERQUE', 'NM', '87110', 'ESTADOS UNIDOS'),
(11078, 9, 1, '2017-04-26', '2017-12-10', '2017-12-30', '0', 8, 'RATTLESNAKE CANYON GROCERY', '2817 MILTON DR.', 'ALBUQUERQUE', 'NM', '87110', 'ESTADOS UNIDOS');

-- --------------------------------------------------------

--
-- Estructura de tabla para la tabla `producto`
--

CREATE TABLE `producto` (
  `IDE_PRO` int(11) NOT NULL,
  `NOM_PRO` varchar(40) NOT NULL,
  `IDE_PROV` int(11) NOT NULL,
  `IDE_CAT` int(11) NOT NULL,
  `CXU_PRO` varchar(20) NOT NULL,
  `PRE_PRO` decimal(10,2) NOT NULL,
  `UEX_PRO` int(11) NOT NULL,
  `UPE_PRO` int(11) NOT NULL
) ENGINE=InnoDB DEFAULT CHARSET=utf8mb4 COLLATE=utf8mb4_general_ci;

--
-- Volcado de datos para la tabla `producto`
--

INSERT INTO `producto` (`IDE_PRO`, `NOM_PRO`, `IDE_PROV`, `IDE_CAT`, `CXU_PRO`, `PRE_PRO`, `UEX_PRO`, `UPE_PRO`) VALUES
(1, 'TE DHARAMSALA', 1, 1, '10 CAJAS X 20 BOLSAS', 18.00, 39, 0),
(2, 'CERVEZA TIBETANA BARLEY', 1, 1, '24 - BOT. 12 L', 19.00, 17, 40),
(3, 'SIROPE DE REGALIZ', 1, 2, '12 - BOT. 550 ML', 10.00, 13, 70),
(4, 'ESPECIAS CAJUN DEL CHEF 03', 2, 2, '48 - FRASCOS 6 L', 22.00, 53, 0),
(5, 'MEZCLA GUMBO DEL CHEF 03', 2, 2, '36 CAJAS', 21.00, 0, 0),
(6, 'MERMELADA DE GROSELLAS DE LA ABUELA', 3, 2, '12 - FRASCOS 8 L', 25.00, 120, 0),
(7, 'PERAS SECAS ORGANICAS DEL TIO BOB', 3, 7, '12 - PAQ. 1 KG', 30.00, 15, 0),
(8, 'SALSA DE ARANDANOS NORTHWOODS', 3, 2, '12 - FRASCOS 12 L', 40.00, 6, 0),
(9, 'BUEY MISHI KOBE', 4, 6, '18 - PAQ. 500 G', 97.00, 29, 0),
(10, 'PEZ ESPADA', 4, 8, '12 - FRASCOS 200 ML', 31.00, 31, 0),
(11, 'QUESO CABRALES', 5, 4, 'PAQ. 1 KG', 21.00, 22, 30),
(12, 'QUESO MANCHEGO LA PASTORA', 5, 4, '10 - PAQ. 500 G', 38.00, 86, 0),
(13, 'ALGAS KONBU', 6, 8, 'CAJA 2 KG', 6.00, 24, 0),
(14, 'CUAJADA DE JUDIAS', 6, 7, '40 - PAQ. 100 G', 23.00, 35, 0),
(15, 'SALSA DE SOJA BAJA EN SODIO', 6, 2, '24 - BOT. 250 ML', 15.00, 39, 0),
(16, 'POSTRE DE MERENGUE PAVLOVA', 7, 3, '32 - CAJAS 500 G', 17.00, 29, 0),
(17, 'CORDERO ALICE SPRINGS', 7, 6, '20 - LATAS 1 KG', 39.00, 0, 0),
(18, 'LANGOSTINOS TIGRE CARNARVON', 7, 8, 'PAQ. 16 KG', 62.00, 42, 0),
(19, 'PASTAS DE TE DE CHOCOLATE', 8, 3, '10 CAJAS X 12 PIEZAS', 9.00, 25, 0),
(20, 'MERMELADA DE SIR RODNEYS', 8, 3, '30 CAJAS REGALO', 81.00, 40, 0),
(21, 'BOLLOS DE SIR RODNEYS', 8, 3, '24 PAQ. X 4 PIEZAS', 10.00, 3, 40),
(22, 'PAN DE CENTENO CRUJIENTE ESTILO GUSTAFS', 9, 5, '24 - PAQ. 500 G', 21.00, 104, 0),
(23, 'PAN FINO', 9, 5, '12 - PAQ. 250 G', 9.00, 61, 0),
(24, 'REFRESCO GUARANA FANTASTICA', 10, 1, '12 - LATAS 355 ML', 4.00, 20, 0),
(25, 'CREMA DE CHOCOLATE Y NUECES NUNUCA', 11, 3, '20 - VASOS  450 G', 14.00, 76, 0),
(26, 'OSITOS DE GOMA GUMBÄR', 11, 3, '100 - BOLSAS 250 G', 31.00, 15, 0),
(27, 'CHOCOLATE SCHOGGI', 11, 3, '100 - PIEZAS 100 G', 43.00, 49, 0),
(28, 'COL FERMENTADA RÖSSLE', 12, 7, '25 - LATAS 825 G', 45.00, 26, 0),
(29, 'SALCHICHA THÜRINGER', 12, 6, '50 BOLSAS X 30 SALCH', 123.00, 0, 0),
(30, 'ARENQUE BLANCO DEL NOROESTE', 13, 8, '10 - VASOS 200 G', 25.00, 10, 0),
(31, 'QUESO GORGONZOLA TELINO', 14, 4, '12 - PAQ. 100 G', 12.00, 0, 70),
(32, 'QUESO MASCARPONE FABIOLI', 14, 4, '24 - PAQ. 200 G', 32.00, 9, 40),
(33, 'QUESO DE CABRA', 15, 4, '500 G', 2.00, 112, 0),
(34, 'CERVEZA SASQUATCH', 16, 1, '24 - BOT. 12 L', 14.00, 111, 0),
(35, 'CERVEZA NEGRA STEELEYE', 16, 1, '24 - BOT. 12 L', 18.00, 20, 0),
(36, 'ESCABECHE DE ARENQUE', 17, 8, '24 - FRASCOS 250 G', 19.00, 112, 0),
(37, 'SALMON AHUMADO GRAVAD', 17, 8, '12 - PAQ. 500 G', 26.00, 11, 50),
(38, 'VINO CÔTE DE BLAYE', 18, 1, '12 - BOT. 75 CL', 263.00, 17, 0),
(39, 'LICOR VERDE CHARTREUSE', 18, 1, '750 CC POR BOT.', 18.00, 69, 0),
(40, 'CARNE DE CANGREJO DE BOSTON', 19, 8, '24 - LATAS 4 L', 18.00, 123, 0),
(41, 'CREMA DE ALMEJAS ESTILO NUEVA INGLATERRA', 19, 8, '12 - LATAS 12 L', 9.00, 85, 0),
(42, 'TALLARINES DE SINGAPUR', 20, 5, '32 - 1 KG PAQ.', 14.00, 26, 0),
(43, 'CAFE DE MALASIA', 20, 1, '16 - LATAS 500 G', 46.00, 17, 10),
(44, 'AZÚCAR NEGRA MALACCA', 20, 2, '20 - BOLSAS 2 KG', 19.00, 27, 0),
(45, 'ARENQUE AHUMADO', 21, 8, 'PAQ. 1K', 9.00, 5, 70),
(46, 'ARENQUE SALADO', 21, 8, '4 - VASOS 450 G', 12.00, 95, 0),
(47, 'GALLETAS ZAANSE', 22, 3, '10 - CAJAS 4 L', 9.00, 36, 0),
(48, 'CHOCOLATE HOLANDES', 22, 3, '10 PAQ.', 12.00, 15, 70),
(49, 'REGALIZ', 23, 3, '24 - PAQ. 50 G', 20.00, 10, 60),
(50, 'CHOCOLATE BLANCO', 23, 3, '12 - BARRAS 100 G', 16.00, 65, 0),
(51, 'MANZANAS SECAS MANJIMUP', 24, 7, '50 - PAQ. 300 G', 53.00, 20, 0),
(52, 'CEREALES PARA FILO', 24, 5, '16 - CAJAS 2 KG', 7.00, 38, 0),
(53, 'EMPANADA DE CARNE', 24, 6, '48 PORC.', 32.00, 0, 0),
(54, 'EMPANADA DE CERDO', 25, 6, '16 TARTAS', 7.00, 21, 0),
(55, 'PATE CHINO', 25, 6, '24 CAJAS X 2 TARTAS', 24.00, 115, 0),
(56, 'GNOCCHI DE LA ABUELA ALICIA', 26, 5, '24 - PAQ. 250 G', 38.00, 21, 10),
(57, 'RAVIOLIS ANGELO', 26, 5, '24 - PAQ. 250 G', 19.00, 36, 0),
(58, 'CARACOLES DE BORGOÑA', 27, 8, '24 PORC.', 13.00, 62, 0),
(59, 'RACLET DE QUESO COURDAVAULT', 28, 4, 'PAQ. 5 KG', 55.00, 79, 0),
(60, 'CAMEMBERT PIERROT', 28, 4, '15 - PAQ. 300 G', 34.00, 19, 0),
(61, 'SIROPE DE ARCE', 29, 2, '24 - BOT. 500 ML', 28.00, 113, 0),
(62, 'TARTA DE AZÚCAR', 29, 3, '48 TARTAS', 49.00, 17, 0),
(63, 'SANDWICH DE VEGETALES', 7, 2, '15 - FRASCOS 625 G', 43.00, 24, 0),
(64, 'BOLLOS DE PAN DE WIMMER', 12, 5, '20 BOLSAS X 4 PORC.', 33.00, 22, 80),
(65, 'SALSA DE PIMIENTO PICANTE DE LUISIANA', 2, 2, '32 - BOT. 8 L', 21.00, 76, 0),
(66, 'ESPECIAS PICANTES DE LUISIANA', 2, 2, '24 - FRASCOS 8 L', 17.00, 4, 100),
(67, 'CERVEZA LAUGHING LUMBERJACK', 16, 1, '24 - BOT. 12 L', 14.00, 52, 0),
(68, 'BARRAS DE PAN DE ESCOCIA', 8, 3, '10 CAJAS X 8 PORC.', 12.00, 6, 10),
(69, 'QUESO GUDBRANDSDALS', 15, 4, 'PAQ. 10 KG', 36.00, 26, 0),
(70, 'CERVEZA OUTBACK', 7, 1, '24 - BOT. 355 ML', 15.00, 15, 10),
(71, 'CREMA DE QUESO FLØTEMYS', 15, 4, '10 - PAQ. 500 G', 21.00, 26, 0),
(72, 'QUESO MOZZARELLA GIOVANNI', 14, 4, '24 - PAQ. 200 G', 34.00, 14, 0),
(73, 'CAVIAR ROJO', 17, 8, '24 - FRASCOS150 G', 15.00, 101, 0),
(74, 'QUESO DE SOJA LONGLIFE', 4, 7, 'PAQ. 5 KG', 10.00, 4, 20),
(75, 'CERVEZA KLOSTERBIER RHÖNBRÄU', 12, 1, '24 - BOT. 0,5 L', 7.00, 125, 0),
(76, 'LICOR CLOUDBERRY', 23, 1, '500 ML', 18.00, 57, 0),
(77, 'SALSA VERDE ORIGINAL 25FURTER', 12, 2, '12 CAJAS', 13.00, 32, 0);

-- --------------------------------------------------------

--
-- Estructura de tabla para la tabla `proveedor`
--

CREATE TABLE `proveedor` (
  `IDE_PROV` int(11) NOT NULL,
  `NOM_PROV` varchar(40) NOT NULL,
  `NOM_CONT` varchar(80) NOT NULL,
  `CAR_CONT` varchar(50) NOT NULL,
  `DIR_PROV` varchar(60) NOT NULL,
  `IDE_PAI` int(11) NOT NULL,
  `FON_PROV` varchar(15) NOT NULL
) ENGINE=InnoDB DEFAULT CHARSET=utf8mb4 COLLATE=utf8mb4_general_ci;

--
-- Volcado de datos para la tabla `proveedor`
--

INSERT INTO `proveedor` (`IDE_PROV`, `NOM_PROV`, `NOM_CONT`, `CAR_CONT`, `DIR_PROV`, `IDE_PAI`, `FON_PROV`) VALUES
(1, 'EXOTIC LIQUIDS', 'CHARLOTTE COOPER', 'GERENTE DE COMPRA', '49 GILBERT ST.', 3, '555-2222'),
(2, 'NEW ORLEANS CAJUN DELIGHTS', 'SHELLEY BURKE', 'ADMINISTRADOR DE PEDIDO', 'P.O. BOX 78934', 8, '555-4822'),
(3, 'GRANDMA KELLYS HOMESTEAD', 'REGINA MURPHY', 'REPRESENTANTE DE VENTA', '707 OXFORD RD.', 1, '555-5735'),
(4, 'TOKYO TRADERS', 'YOSHI NAGASE', 'GERENTE DE MARKETING', '9-8 SEKIMAIRNMUSASHINO-SHI', 7, '3555-5011'),
(5, 'COOPERATIVA DE QUESOS LAS CABRAS', 'DEL VALLE SAAVEDRA', 'ADMINISTRADOR DE EXPORTACIONES', 'CALLE DEL ROSAL 4', 7, '598 76 54'),
(6, 'MAYUMIS', 'MAYUMI OHNO', 'REPRESENTANTE DE MARKETING', '92 SETSUKORNCHUO-KU', 4, '431-7877'),
(7, 'PAVLOVA, LTD.', 'IAN DEVLING', 'GERENTE DE MARKETING', '74 ROSE ST.RNMOONIE PONDS', 8, '444-2343'),
(8, 'SPECIALTY BISCUITS, LTD.', 'PETER WILSON', 'REPRESENTANTE DE VENTA', '29 KINGS WAY', 3, '555-4448'),
(9, 'PB KNÄCKEBRÖD AB', 'LARS PETERSON', 'AGENTE DE VENTA', 'KALOADAGATAN 13', 9, '987565543'),
(10, 'REFRESCOS AMERICANAS LTDA', 'CARLOS DIAZ', 'GERENTE DE MARKETING', 'AV. DAS AMERICANAS 12.890', 3, '555 4640'),
(11, 'HELI SÜßWAREN GMBH & CO. KG', 'PETRA WINKLER', 'GERENTE DE VENTA', 'TIERGARTENSTRAßE 5', 2, '965984510'),
(12, 'PLUTZER LEBENSMITTELGROßMÄRKTE AG', 'MARTIN BEIN', 'GER. MARKETING INTERNACIONAL', 'BOGENALLEE 51', 7, '992755556'),
(13, 'NORD-OST-FISCH HANDELSGESELLSCHAFT MBH', 'SVEN PETERSEN', 'COORDINADOR DE MERCADOS', 'FRAHMREDDER 112A', 2, '9215548714'),
(14, 'FORMAGGI FORTINI S.R.L.', 'ELIO ROSSI', 'REPRESENTANTE DE VENTA', 'VIALE DANTE, 75', 6, '458 8525'),
(15, 'NORSKE MEIERIER', 'BEATE VILEID', 'GERENTE DE MARKETING', 'HATLEVEGEN 5', 6, '2953010'),
(16, 'BIGFOOT BREWERIES', 'CHERYL SAYLOR', 'REPR. DE CUENTAS REGIONAL', '3400 - 8TH AVENUE SUITE 210', 9, '555-9931'),
(17, 'SVENSK SJÖFÖDA AB', 'MICHAEL BJÖRN', 'REPRESENTANTE DE VENTA', 'BROVALLAVÄGEN 231', 5, '523 4567'),
(18, 'NEW ENGLAND SEAFOOD CANNERY', 'ROBB MERCHANT', 'AGENTE DE CUENTAS AL POR MAYOR', 'ORDER PROCESSING DEPT.N2100 PAUL REVERE BLVD.', 4, '555-3267'),
(19, 'NEW ENGLAND SEAFOOD CANNERY', 'ROBB MERCHANT', 'AGENTE DE CUENTAS AL POR MAYOR', 'ORDER PROCESSING DEPT.N2100 PAUL REVERE BLVD.', 4, '555-3267'),
(20, 'LEKA TRADING', 'CHANDRA LEKA', 'PROPIETARIO', '471 SERANGOON LOOP, SUITE #402', 1, '555-8787'),
(21, 'LYNGBYSILD', 'NIELS PETERSEN', 'GERENTE DE VENTA', 'LYNGBYSILD NFISKEBAKKEN 10', 8, '43844108'),
(22, 'ZAANSE SNOEPFABRIEK', 'DIRK LUCHTE', 'GERENTE DE CONTABILIDAD', 'VERKOOPRNRIJNWEG 22', 8, '5451210'),
(23, 'KARKKI OY', 'ANNE HEIKKONEN', 'GERENTE DE PRODUCCION', 'VALTAKATU 12', 1, '955310956'),
(24, 'GDAY, MATE', 'WENDY MACKENZIE', 'REPRESENTANTE DE VENTA', '170 PRINCE EDWARD PARADE NHUNTERS HILL', 2, '555-5914'),
(25, 'MA MAISON', 'JEAN-GUY LAUZON', 'GERENTE DE MARKETING', '2960 RUE ST. LAURENT', 4, '555-9022'),
(26, 'PASTA BUTTINI S.R.L.', 'GIOVANNI GIUDICI', 'ADMINISTRADOR DE PEDIDO', 'VIA DEI GELSOMINI, 153', 8, '6547665'),
(27, 'ESCARGOTS NOUVEAUX', 'MARIE DELAMARE', 'GERENTE DE VENTA', '22, RUE H. VOIRON', 9, '5896365'),
(28, 'GAI PÂTURAGE', 'ELIANE NOZ', 'REPRESENTANTE DE VENTA', 'BAT. BRN3, RUE DES ALPES', 7, '38.76.98.06'),
(29, 'FORÊTS DERABLES', 'CHANTAL GOULET', 'GERENTE DE CONTABILIDAD', '148 RUE CHASSEUR', 3, '555-2955');

--
-- Índices para tablas volcadas
--

--
-- Indices de la tabla `cargo`
--
ALTER TABLE `cargo`
  ADD PRIMARY KEY (`IDE_CAR`);

--
-- Indices de la tabla `categoria`
--
ALTER TABLE `categoria`
  ADD PRIMARY KEY (`IDE_CAT`);

--
-- Indices de la tabla `cliente`
--
ALTER TABLE `cliente`
  ADD PRIMARY KEY (`IDE_CLI`),
  ADD KEY `IDE_PAI` (`IDE_PAI`);

--
-- Indices de la tabla `detalle`
--
ALTER TABLE `detalle`
  ADD PRIMARY KEY (`IDE_PED`,`IDE_PRO`),
  ADD KEY `IDE_PRO` (`IDE_PRO`);

--
-- Indices de la tabla `distrito`
--
ALTER TABLE `distrito`
  ADD PRIMARY KEY (`IDE_DIS`);

--
-- Indices de la tabla `empleado`
--
ALTER TABLE `empleado`
  ADD PRIMARY KEY (`IDE_EMP`),
  ADD KEY `IDE_DIS` (`IDE_DIS`),
  ADD KEY `IDE_CAR` (`IDE_CAR`);

--
-- Indices de la tabla `pais`
--
ALTER TABLE `pais`
  ADD PRIMARY KEY (`IDE_PAI`);

--
-- Indices de la tabla `pedido`
--
ALTER TABLE `pedido`
  ADD PRIMARY KEY (`IDE_PED`),
  ADD KEY `IDE_CLI` (`IDE_CLI`),
  ADD KEY `IDE_EMP` (`IDE_EMP`);

--
-- Indices de la tabla `producto`
--
ALTER TABLE `producto`
  ADD PRIMARY KEY (`IDE_PRO`),
  ADD KEY `IDE_PROV` (`IDE_PROV`),
  ADD KEY `IDE_CAT` (`IDE_CAT`);

--
-- Indices de la tabla `proveedor`
--
ALTER TABLE `proveedor`
  ADD PRIMARY KEY (`IDE_PROV`),
  ADD KEY `IDE_PAI` (`IDE_PAI`);

--
-- AUTO_INCREMENT de las tablas volcadas
--

--
-- AUTO_INCREMENT de la tabla `cargo`
--
ALTER TABLE `cargo`
  MODIFY `IDE_CAR` int(11) NOT NULL AUTO_INCREMENT, AUTO_INCREMENT=5;

--
-- AUTO_INCREMENT de la tabla `categoria`
--
ALTER TABLE `categoria`
  MODIFY `IDE_CAT` int(11) NOT NULL AUTO_INCREMENT, AUTO_INCREMENT=9;

--
-- AUTO_INCREMENT de la tabla `cliente`
--
ALTER TABLE `cliente`
  MODIFY `IDE_CLI` int(11) NOT NULL AUTO_INCREMENT, AUTO_INCREMENT=92;

--
-- AUTO_INCREMENT de la tabla `empleado`
--
ALTER TABLE `empleado`
  MODIFY `IDE_EMP` int(11) NOT NULL AUTO_INCREMENT, AUTO_INCREMENT=17;

--
-- AUTO_INCREMENT de la tabla `pais`
--
ALTER TABLE `pais`
  MODIFY `IDE_PAI` int(11) NOT NULL AUTO_INCREMENT, AUTO_INCREMENT=10;

--
-- AUTO_INCREMENT de la tabla `pedido`
--
ALTER TABLE `pedido`
  MODIFY `IDE_PED` int(11) NOT NULL AUTO_INCREMENT, AUTO_INCREMENT=11079;

--
-- AUTO_INCREMENT de la tabla `producto`
--
ALTER TABLE `producto`
  MODIFY `IDE_PRO` int(11) NOT NULL AUTO_INCREMENT, AUTO_INCREMENT=78;

--
-- AUTO_INCREMENT de la tabla `proveedor`
--
ALTER TABLE `proveedor`
  MODIFY `IDE_PROV` int(11) NOT NULL AUTO_INCREMENT, AUTO_INCREMENT=30;

--
-- Restricciones para tablas volcadas
--

--
-- Filtros para la tabla `cliente`
--
ALTER TABLE `cliente`
  ADD CONSTRAINT `cliente_ibfk_1` FOREIGN KEY (`IDE_PAI`) REFERENCES `pais` (`IDE_PAI`);

--
-- Filtros para la tabla `detalle`
--
ALTER TABLE `detalle`
  ADD CONSTRAINT `detalle_ibfk_1` FOREIGN KEY (`IDE_PED`) REFERENCES `pedido` (`IDE_PED`),
  ADD CONSTRAINT `detalle_ibfk_2` FOREIGN KEY (`IDE_PRO`) REFERENCES `producto` (`IDE_PRO`);

--
-- Filtros para la tabla `empleado`
--
ALTER TABLE `empleado`
  ADD CONSTRAINT `empleado_ibfk_1` FOREIGN KEY (`IDE_DIS`) REFERENCES `distrito` (`IDE_DIS`),
  ADD CONSTRAINT `empleado_ibfk_2` FOREIGN KEY (`IDE_CAR`) REFERENCES `cargo` (`IDE_CAR`);

--
-- Filtros para la tabla `pedido`
--
ALTER TABLE `pedido`
  ADD CONSTRAINT `pedido_ibfk_1` FOREIGN KEY (`IDE_CLI`) REFERENCES `cliente` (`IDE_CLI`),
  ADD CONSTRAINT `pedido_ibfk_2` FOREIGN KEY (`IDE_EMP`) REFERENCES `empleado` (`IDE_EMP`);

--
-- Filtros para la tabla `producto`
--
ALTER TABLE `producto`
  ADD CONSTRAINT `producto_ibfk_1` FOREIGN KEY (`IDE_PROV`) REFERENCES `proveedor` (`IDE_PROV`),
  ADD CONSTRAINT `producto_ibfk_2` FOREIGN KEY (`IDE_CAT`) REFERENCES `categoria` (`IDE_CAT`);

--
-- Filtros para la tabla `proveedor`
--
ALTER TABLE `proveedor`
  ADD CONSTRAINT `proveedor_ibfk_1` FOREIGN KEY (`IDE_PAI`) REFERENCES `pais` (`IDE_PAI`);
COMMIT;

/*!40101 SET CHARACTER_SET_CLIENT=@OLD_CHARACTER_SET_CLIENT */;
/*!40101 SET CHARACTER_SET_RESULTS=@OLD_CHARACTER_SET_RESULTS */;
/*!40101 SET COLLATION_CONNECTION=@OLD_COLLATION_CONNECTION */;
